token	model	status	DS	success	RC_pct	penalty	termination	term_frame	detail	frames	warmup	off_route_pct	coll_vehicle	coll_ped	coll_layout	red_light	comfort	route_completion	epdms	no_at_fault_collisions	drivable_area_compliance	driving_direction_compliance	traffic_light_compliance	time_to_collision_within_bound	lane_keeping	history_comfort	extended_comfort	ego_progress	collision_count	avg_speed
00185dab0ba153b9	drivor_action_best_before	scored	32.997	0	55.0	0.6	contact_at_fault	149	front with cc083cf871da5d4f	150	20	0.0	1	0	0	0	0.5	67.8797	0.8	0.9923	1.0	1.0	1.0	0.9154	0.8231	0.8231	0.3077	0.5407	1.0	4.5256
00185dab0ba153b9	drivor_action_best_after	scored	100.0	1	100.0	1.0	goal_reached	252	goal region entered	253	20	0.0	0	0	0	0	0.0909	120.3472	0.7939	1.0	1.0	1.0	1.0	1.0	0.7382	0.6438	0.2747	1.0	0.0	4.757
0027991369e05ab2	drivor_action_best_before	scored	100.0	1	100.0	1.0	goal_reached	296	goal region entered	297	20	0.0	0	0	0	0	0.4615	82.43	0.6979	1.0	1.0	1.0	1.0	1.0	0.1841	0.787	0.3285	1.0	0.0	2.7798
0027991369e05ab2	drivor_action_best_after	scored	100.0	1	100.0	1.0	goal_reached	300	goal region entered	301	20	0.0	0	0	0	0	0.3571	82.3445	0.7065	1.0	1.0	1.0	1.0	1.0	0.1851	0.8007	0.4235	1.0	0.0	2.7401
0057ce5b81c35a81	drivor_action_best_before	scored	100.0	1	100.0	1.0	goal_reached	308	goal region entered	309	8	0.0	0	0	0	0	0.4667	102.3037	0.7352	1.0	1.0	1.0	1.0	1.0	0.5282	0.8073	0.392	1.0	0.0	3.3221
0057ce5b81c35a81	drivor_action_best_after	scored	100.0	1	100.0	1.0	goal_reached	309	goal region entered	310	8	0.0	0	0	0	0	0.3333	102.6798	0.7247	1.0	1.0	1.0	1.0	1.0	0.4702	0.7384	0.3709	1.0	0.0	3.3236
005f87dd980253a5	drivor_action_best_before	scored	9.935	0	16.56	0.6	contact_at_fault	171	front with 5437123ff06e57ff	172	8	0.0	1	0	0	0	0.25	18.3341	0.6881	0.9939	1.0	1.0	1.0	0.9573	0.8659	0.6037	0.1524	0.1523	1.0	1.0796
005f87dd980253a5	drivor_action_best_after	scored	7.605	0	15.21	0.5	contact_at_fault	48	vru with navsafe_animal	49	8	0.0	0	1	0	0	0.0	16.0969	0.7497	0.9756	1.0	1.0	1.0	0.6829	1.0	0.6585	0.2195	0.1386	1.0	3.3329
0092e40a13ea52f4	drivor_action_best_before	scored	100.0	1	100.0	1.0	goal_reached	293	goal region entered	294	20	0.0	0	0	0	0	0.6923	272.1724	0.7992	1.0	1.0	1.0	1.0	1.0	0.7153	0.8321	0.5292	1.0	0.0	9.3056
0092e40a13ea52f4	drivor_action_best_after	scored	100.0	1	100.0	1.0	goal_reached	320	goal region entered	321	20	0.0	0	0	0	0	0.4667	272.2043	0.7625	1.0	1.0	1.0	1.0	1.0	0.701	0.7043	0.4252	1.0	0.0	8.5239
0093ff0188ea5b90	drivor_action_best_before	scored	100.0	1	100.0	1.0	goal_reached	242	goal region entered	243	20	0.0	0	0	0	0	0.4545	86.9934	0.7909	1.0	1.0	1.0	1.0	1.0	0.7578	0.7982	0.2556	1.0	0.0	3.582
0093ff0188ea5b90	drivor_action_best_after	scored	100.0	1	100.0	1.0	goal_reached	263	goal region entered	264	20	0.0	0	0	0	0	0.6667	86.6474	0.8178	1.0	1.0	1.0	1.0	1.0	0.8648	0.791	0.3238	1.0	0.0	3.284
00c1e4eb4a045f20	drivor_action_best_before	scored	14.678	0	24.46	0.6	contact_at_fault	100	front with 7f415322d8cc5fef	101	8	0.0	1	0	0	0	0.25	36.3056	0.6969	0.9892	1.0	1.0	1.0	0.871	0.9355	0.7312	0.2581	0.2196	1.0	3.6439
00c1e4eb4a045f20	drivor_action_best_after	scored	14.678	0	24.46	0.6	contact_at_fault	99	front with 7f415322d8cc5fef	100	8	0.0	1	0	0	0	0.25	35.9452	0.7201	0.9891	1.0	1.0	1.0	0.8913	1.0	0.7391	0.3261	0.2196	1.0	3.6443
0122ce98b2735558	drivor_action_best_before	scored	100.0	1	100.0	1.0	goal_reached	254	goal region entered	255	20	0.0	0	0	0	0	0.9091	74.0078	0.8068	1.0	1.0	1.0	1.0	1.0	0.7574	0.8894	0.5447	1.0	0.0	2.9278
0122ce98b2735558	drivor_action_best_after	scored	100.0	1	100.0	1.0	goal_reached	278	goal region entered	279	20	0.0	0	0	0	0	0.6667	74.5815	0.7944	1.0	1.0	1.0	1.0	1.0	0.7722	0.8185	0.4517	1.0	0.0	2.6965
01649900c5cc58c4	drivor_action_best_before	scored	100.0	1	100.0	1.0	goal_reached	243	goal region entered	244	20	0.0	0	0	0	0	0.6364	95.5697	0.7981	1.0	1.0	1.0	1.0	1.0	0.4777	0.7991	0.3795	1.0	0.0	3.9261
01649900c5cc58c4	drivor_action_best_after	scored	100.0	1	100.0	1.0	goal_reached	236	goal region entered	237	20	0.0	0	0	0	0	0.5	95.6678	0.8014	1.0	1.0	1.0	1.0	1.0	0.4931	0.7972	0.341	1.0	0.0	4.0462
0166f867762a56e1	drivor_action_best_before	scored	100.0	1	100.0	1.0	goal_reached	254	goal region entered	255	20	0.0	0	0	0	0	0.2727	140.9782	0.7243	1.0	1.0	1.0	1.0	1.0	0.5915	0.6213	0.2426	1.0	0.0	5.5853
0166f867762a56e1	drivor_action_best_after	scored	100.0	1	100.0	1.0	goal_reached	254	goal region entered	255	20	0.0	0	0	0	0	0.3636	141.1165	0.7309	1.0	1.0	1.0	1.0	1.0	0.6723	0.6128	0.2128	1.0	0.0	5.5907
01a58976a2e45a3d	drivor_action_best_before	scored	25.238	0	26.5	0.952233	off_drivable	122	off drivable for 0.5 s through frame 122	123	20	4.777	0	0	0	0	0.6	38.6971	0.7993	1.0	0.9515	1.0	1.0	1.0	1.0	0.7282	0.2718	0.2643	0.0	3.1461
01a58976a2e45a3d	drivor_action_best_after	scored	23.168	0	23.9	0.969332	off_drivable	168	off drivable for 0.5 s through frame 168	169	20	3.067	0	0	0	0	0.1429	55.8447	0.7519	1.0	0.9664	1.0	1.0	1.0	0.9396	0.745	0.2483	0.2383	0.0	3.3044
02015675e4585611	drivor_action_best_before	scored	18.015	0	18.02	1.0	deadlock	243	< 0.1 m/s for 5 s	252	8	0.0	0	0	0	0	0.2727	25.5978	0.5917	1.0	1.0	1.0	1.0	1.0	0.459	0.6557	0.2623	0.129	0.0	1.0406
02015675e4585611	drivor_action_best_after	scored	18.015	0	18.02	1.0	deadlock	229	< 0.1 m/s for 5 s	247	8	0.0	0	0	0	0	0.4545	26.3287	0.5791	1.0	1.0	1.0	1.0	1.0	0.2803	0.728	0.2552	0.129	0.0	1.0913
02379e524f105926	drivor_action_best_before	scored	7.018	0	14.04	0.5	contact_at_fault	39	vru with navsafe_ped_3	40	8	0.0	0	1	0	0	0.0	16.8878	0.7656	0.9688	1.0	1.0	1.0	0.6562	1.0	0.7188	0.4062	0.1289	1.0	4.2805
02379e524f105926	drivor_action_best_after	scored	6.739	0	13.48	0.5	contact_at_fault	38	vru with navsafe_ped_3	39	8	0.0	0	1	0	0	0.0	16.4496	0.7762	0.9677	1.0	1.0	1.0	0.6774	1.0	0.7097	0.4194	0.1232	1.0	4.2779
02902d180b405100	drivor_action_best_before	scored	100.0	1	100.0	1.0	goal_reached	336	goal region entered	337	20	0.0	0	0	0	0	0.1333	162.0161	0.7619	1.0	1.0	1.0	1.0	1.0	0.9022	0.6404	0.2713	1.0	0.0	4.8104
02902d180b405100	drivor_action_best_after	scored	100.0	1	100.0	1.0	goal_reached	335	goal region entered	336	20	0.0	0	0	0	0	0.0667	161.956	0.7502	1.0	1.0	1.0	1.0	1.0	0.7975	0.6424	0.269	1.0	0.0	4.823
029585f0509d52b0	drivor_action_best_before	scored	23.423	0	26.14	0.895984	off_drivable	68	off drivable for 0.5 s through frame 68	69	20	10.402	0	0	0	0	0.0	25.393	0.6391	1.0	0.898	1.0	1.0	1.0	1.0	0.6122	0.1837	0.1987	0.0	3.7067
029585f0509d52b0	drivor_action_best_after	scored	23.398	0	26.14	0.895019	off_drivable	68	off drivable for 0.5 s through frame 68	69	20	10.498	0	0	0	0	0.0	25.637	0.6388	1.0	0.898	1.0	1.0	1.0	1.0	0.6327	0.1633	0.1987	0.0	3.742
02b68b9cc51f506a	drivor_action_best_before	scored	100.0	1	100.0	1.0	goal_reached	214	goal region entered	215	8	0.0	0	0	0	0	0.1	84.4178	0.7436	1.0	1.0	1.0	1.0	1.0	0.57	0.686	0.2705	1.0	0.0	3.9484
02b68b9cc51f506a	drivor_action_best_after	scored	100.0	1	100.0	1.0	goal_reached	218	goal region entered	219	8	0.0	0	0	0	0	0.2	84.0744	0.7472	1.0	1.0	1.0	1.0	1.0	0.564	0.6825	0.2607	1.0	0.0	3.8606
02f1ad081f41550e	drivor_action_best_before	scored	100.0	1	100.0	1.0	goal_reached	246	goal region entered	247	8	0.0	0	0	0	0	0.4545	64.2422	0.7874	1.0	1.0	1.0	1.0	1.0	1.0	0.8075	0.3766	1.0	0.0	2.601
02f1ad081f41550e	drivor_action_best_after	scored	100.0	1	100.0	1.0	goal_reached	238	goal region entered	239	8	0.0	0	0	0	0	0.5455	64.4047	0.805	1.0	1.0	1.0	1.0	1.0	1.0	0.8225	0.3896	1.0	0.0	2.6949
0317b218061b5c4d	drivor_action_best_before	scored	100.0	1	100.0	1.0	goal_reached	236	goal region entered	237	20	0.0	0	0	0	0	0.7	67.9103	0.7712	1.0	1.0	1.0	1.0	1.0	0.3502	0.7788	0.3825	1.0	0.0	2.8655
0317b218061b5c4d	drivor_action_best_after	scored	100.0	1	100.0	1.0	goal_reached	235	goal region entered	236	20	0.0	0	0	0	0	0.7	68.2608	0.7726	1.0	1.0	1.0	1.0	1.0	0.3565	0.8102	0.3565	1.0	0.0	2.8924
0334cae9f1ef56ae	drivor_action_best_before	scored	100.0	1	100.0	1.0	goal_reached	259	goal region entered	260	20	0.0	0	0	0	0	0.4167	48.4599	0.8489	1.0	1.0	1.0	1.0	1.0	0.9167	0.8	0.3792	1.0	0.0	1.8645
0334cae9f1ef56ae	drivor_action_best_after	scored	100.0	1	100.0	1.0	goal_reached	260	goal region entered	261	20	0.0	0	0	0	0	0.6667	48.4083	0.873	1.0	1.0	1.0	1.0	1.0	1.0	0.805	0.4523	1.0	0.0	1.8554
0371700bf65b51e0	drivor_action_best_before	scored	9.957	0	9.96	1.0	contact_not_at_fault	43	vru with navsafe_animal	44	8	0.0	0	0	0	0	0.0	12.6838	0.7443	1.0	1.0	1.0	1.0	0.8056	0.5278	0.7222	0.1944	0.0928	1.0	2.8992
0371700bf65b51e0	drivor_action_best_after	scored	9.957	0	9.96	1.0	contact_not_at_fault	43	vru with navsafe_animal	44	8	0.0	0	0	0	0	0.0	13.0377	0.762	1.0	1.0	1.0	1.0	0.8611	0.5278	0.6944	0.2222	0.0928	1.0	2.9796
03b66343e1ac5d68	drivor_action_best_before	scored	6.987	0	11.65	0.6	contact_at_fault	130	front with navsafe_blocker_1	131	8	0.0	1	0	0	0	0.8333	27.0388	0.668	0.9919	1.0	1.0	1.0	0.9187	1.0	0.7805	0.5447	0.0811	1.0	2.1422
03b66343e1ac5d68	drivor_action_best_after	scored	6.987	0	11.65	0.6	contact_at_fault	134	front with navsafe_blocker_1	135	8	0.0	1	0	0	0	0.8333	27.0965	0.679	0.9921	1.0	1.0	1.0	0.9134	1.0	0.8189	0.6142	0.0811	1.0	2.083
03dfd23cf97c590f	drivor_action_best_before	scored	100.0	1	100.0	1.0	goal_reached	453	goal region entered	454	20	0.0	0	0	0	0	0.1905	187.0219	0.6902	1.0	1.0	1.0	1.0	1.0	0.5115	0.7212	0.2788	1.0	0.0	4.1484
03dfd23cf97c590f	drivor_action_best_after	scored	100.0	1	100.0	1.0	goal_reached	420	goal region entered	421	20	0.0	0	0	0	0	0.0	186.9718	0.686	1.0	1.0	1.0	1.0	1.0	0.6185	0.6434	0.2195	1.0	0.0	4.4724
0436604d25145231	drivor_action_best_before	scored	100.0	1	100.0	1.0	goal_reached	150	goal region entered	151	20	0.0	0	0	0	0	0.3333	74.8987	0.8349	1.0	1.0	1.0	1.0	1.0	0.8092	0.626	0.2443	1.0	0.0	4.9602
0436604d25145231	drivor_action_best_after	scored	68.272	0	73.4	0.930122	off_drivable	134	off drivable for 0.5 s through frame 134	135	20	6.988	0	0	0	0	0.2	57.7477	0.8272	1.0	0.9565	1.0	1.0	1.0	1.0	0.6609	0.2522	0.7329	0.0	4.2776
045044cb9f21527e	drivor_action_best_before	scored	100.0	1	100.0	1.0	goal_reached	492	goal region entered	493	20	0.0	0	0	0	0	0.6957	49.4488	0.7054	1.0	1.0	1.0	1.0	1.0	0.8013	0.6765	0.2368	1.0	0.0	1.011
045044cb9f21527e	drivor_action_best_after	scored	100.0	1	100.0	1.0	goal_reached	504	goal region entered	505	20	0.0	0	0	0	0	0.6667	49.5334	0.6914	1.0	1.0	1.0	1.0	0.9938	0.7567	0.6536	0.2227	1.0	0.0	0.9887
04aa69f18d255c96	drivor_action_best_before	scored	100.0	1	100.0	1.0	goal_reached	358	goal region entered	359	20	0.0	0	0	0	0	0.1875	163.1532	0.7325	1.0	1.0	1.0	1.0	1.0	0.5133	0.6519	0.2507	1.0	0.0	4.5447
04aa69f18d255c96	drivor_action_best_after	scored	100.0	1	100.0	1.0	goal_reached	379	goal region entered	380	20	0.0	0	0	0	0	0.1111	163.0555	0.7383	1.0	1.0	1.0	1.0	1.0	0.5417	0.6611	0.2583	1.0	0.0	4.2909
050284885b2059e9	drivor_action_best_before	scored	8.578	0	14.3	0.6	contact_at_fault	86	front with 701c1ac478a051d9	87	8	0.0	1	0	0	0	0.0	40.7503	0.6826	0.9873	1.0	1.0	1.0	0.8734	0.7468	0.7595	0.2278	0.1186	1.0	4.7557
050284885b2059e9	drivor_action_best_after	scored	9.974	0	10.42	0.956734	off_drivable	63	off drivable for 0.5 s through frame 63	64	8	4.327	0	0	0	0	0.0	25.6229	0.7094	1.0	0.9107	1.0	1.0	1.0	1.0	0.8036	0.2143	0.079	0.0	4.1011
0536ffc8d9555b0f	drivor_action_best_before	scored	100.0	1	100.0	1.0	goal_reached	284	goal region entered	285	20	0.0	0	0	0	0	0.6154	91.9402	0.779	1.0	1.0	1.0	1.0	1.0	0.634	0.8189	0.4642	1.0	0.0	3.2386
0536ffc8d9555b0f	drivor_action_best_after	scored	100.0	1	100.0	1.0	goal_reached	267	goal region entered	268	20	0.0	0	0	0	0	0.5	95.8254	0.759	1.0	1.0	1.0	1.0	1.0	0.4758	0.8226	0.4395	1.0	0.0	3.589
054e4984e1b55ec9	drivor_action_best_before	scored	100.0	1	100.0	1.0	goal_reached	253	goal region entered	254	8	0.0	0	0	0	0	0.6667	83.8911	0.7766	1.0	1.0	1.0	1.0	1.0	0.3902	0.8496	0.4106	1.0	0.0	3.3182
054e4984e1b55ec9	drivor_action_best_after	scored	100.0	1	100.0	1.0	goal_reached	229	goal region entered	230	8	0.0	0	0	0	0	0.8182	83.2218	0.7786	1.0	1.0	1.0	1.0	1.0	0.2072	0.8468	0.4099	1.0	0.0	3.6353
0578756b879c55d0	drivor_action_best_before	scored	100.0	1	100.0	1.0	goal_reached	253	goal region entered	254	20	0.0	0	0	0	0	0.0909	130.8779	0.7722	1.0	1.0	1.0	1.0	1.0	0.6197	0.5983	0.2564	1.0	0.0	5.1563
0578756b879c55d0	drivor_action_best_after	scored	100.0	1	100.0	1.0	goal_reached	244	goal region entered	245	20	0.0	0	0	0	0	0.2727	130.8804	0.77	1.0	1.0	1.0	1.0	1.0	0.6	0.5689	0.2622	1.0	0.0	5.3458
05bcef7a11d65c6a	drivor_action_best_before	scored	100.0	1	100.0	1.0	goal_reached	325	goal region entered	326	20	0.0	0	0	0	0	0.3333	199.5247	0.7336	1.0	1.0	1.0	1.0	0.9804	0.8954	0.7124	0.2843	1.0	0.0	6.1535
05bcef7a11d65c6a	drivor_action_best_after	scored	100.0	1	100.0	1.0	goal_reached	327	goal region entered	328	20	0.0	0	0	0	0	0.0667	199.4645	0.7375	1.0	1.0	1.0	1.0	0.987	0.8799	0.711	0.3052	1.0	0.0	6.1142
05d0a1a763fc5334	drivor_action_best_before	scored	45.604	0	76.01	0.6	contact_at_fault	240	front with 4839d54640825248	241	20	0.0	1	0	0	0	0.0	118.2222	0.7318	0.9955	1.0	1.0	1.0	0.9095	0.6833	0.5792	0.2805	0.7561	1.0	4.9056
05d0a1a763fc5334	drivor_action_best_after	scored	62.789	0	62.79	1.0	contact_not_at_fault	178	rear_end with 4839d54640825248	179	20	0.0	0	0	0	0	0.0	97.6346	0.7638	1.0	1.0	1.0	1.0	0.9937	0.4654	0.6289	0.327	0.6227	1.0	5.4546
05ee09cb75205555	drivor_action_best_before	scored	100.0	1	100.0	1.0	goal_reached	338	goal region entered	339	20	0.0	0	0	0	0	0.8	87.5209	0.7285	1.0	1.0	1.0	1.0	1.0	0.4013	0.8746	0.5455	1.0	0.0	2.5869
05ee09cb75205555	drivor_action_best_after	scored	100.0	1	100.0	1.0	goal_reached	333	goal region entered	334	20	0.0	0	0	0	0	0.8	87.4051	0.7238	1.0	1.0	1.0	1.0	1.0	0.3758	0.8599	0.5446	1.0	0.0	2.6222
05f1a5cbc0905d8e	drivor_action_best_before	scored	12.41	0	12.41	1.0	contact_not_at_fault	33	vru with navsafe_animal	34	8	0.0	0	0	0	0	0.0	12.7096	0.7933	1.0	1.0	1.0	1.0	0.6538	1.0	0.8077	0.4615	0.1044	1.0	3.798
05f1a5cbc0905d8e	drivor_action_best_after	scored	13.324	0	13.32	1.0	contact_not_at_fault	34	vru with navsafe_animal	35	8	0.0	0	0	0	0	0.0	13.2833	0.7917	1.0	1.0	1.0	1.0	0.6667	1.0	0.7778	0.4444	0.1137	1.0	3.8534
061e7e1700945b03	drivor_action_best_before	scored	100.0	1	100.0	1.0	goal_reached	341	goal region entered	342	8	0.0	0	0	0	0	0.0625	139.7988	0.6467	1.0	1.0	1.0	1.0	1.0	0.1287	0.6647	0.2395	1.0	0.0	4.1084
061e7e1700945b03	drivor_action_best_after	scored	100.0	1	100.0	1.0	goal_reached	339	goal region entered	340	8	0.0	0	0	0	0	0.0625	139.9447	0.6483	1.0	1.0	1.0	1.0	1.0	0.1325	0.6747	0.241	1.0	0.0	4.1369
0670d0c81a5550c4	drivor_action_best_before	scored	100.0	1	100.0	1.0	goal_reached	325	goal region entered	326	20	0.0	0	0	0	0	0.0	158.5828	0.7707	1.0	1.0	1.0	1.0	1.0	1.0	0.6013	0.3105	1.0	0.0	4.887
0670d0c81a5550c4	drivor_action_best_after	scored	100.0	1	100.0	1.0	goal_reached	300	goal region entered	301	20	0.0	0	0	0	0	0.1429	158.3842	0.7796	1.0	1.0	1.0	1.0	1.0	1.0	0.6014	0.3203	1.0	0.0	5.2863
06a1f481118057b2	drivor_action_best_before	scored	100.0	1	100.0	1.0	goal_reached	237	goal region entered	238	20	0.0	0	0	0	0	0.1	110.3284	0.8262	1.0	1.0	1.0	1.0	0.9954	0.8991	0.6239	0.2202	1.0	0.0	4.6358
06a1f481118057b2	drivor_action_best_after	scored	100.0	1	100.0	1.0	goal_reached	227	goal region entered	228	20	0.0	0	0	0	0	0.1	110.326	0.8169	1.0	1.0	1.0	1.0	1.0	0.8125	0.6346	0.1971	1.0	0.0	4.839
06b2df49f0455bd0	drivor_action_best_before	scored	32.015	0	33.71	0.949666	off_drivable	80	off drivable for 0.5 s through frame 80	81	20	5.033	0	0	0	0	0.3333	37.1933	0.7889	1.0	0.918	1.0	1.0	1.0	1.0	0.5902	0.2459	0.3091	0.0	4.6154
06b2df49f0455bd0	drivor_action_best_after	scored	32.33	0	34.27	0.9433	off_drivable	80	off drivable for 0.5 s through frame 80	81	20	5.67	0	0	0	0	0.3333	37.8091	0.7848	1.0	0.918	1.0	1.0	1.0	1.0	0.5574	0.2295	0.3149	0.0	4.6915
0777f5a7263758be	drivor_action_best_before	scored	17.195	0	34.39	0.5	contact_at_fault	80	vru with navsafe_ped_1	81	8	0.0	0	1	0	0	0.0	32.8245	0.7911	0.9863	1.0	1.0	1.0	0.8493	0.9452	0.5753	0.2466	0.3439	1.0	4.0524
0777f5a7263758be	drivor_action_best_after	scored	17.195	0	34.39	0.5	contact_at_fault	78	vru with navsafe_ped_1	79	8	0.0	0	1	0	0	0.3333	32.5628	0.8125	0.9859	1.0	1.0	1.0	0.8592	0.9437	0.6479	0.3099	0.3439	1.0	4.1219
07846b829b3a575e	drivor_action_best_before	scored	60.33	0	63.06	0.956672	off_drivable	109	off drivable for 0.5 s through frame 109	110	20	4.333	0	0	0	0	0.25	75.7971	0.7589	1.0	0.9444	1.0	1.0	1.0	0.5889	0.6556	0.1889	0.5684	0.0	6.9647
07846b829b3a575e	drivor_action_best_after	scored	50.249	0	83.75	0.6	contact_at_fault	184	front with adbd6812798350a2	185	20	0.0	1	0	0	0	0.25	100.9881	0.7621	0.9939	1.0	1.0	1.0	0.9515	0.3576	0.6848	0.2364	0.8061	1.0	5.5029
07930113a85651b0	drivor_action_best_before	scored	100.0	1	100.0	1.0	goal_reached	432	goal region entered	433	20	0.0	0	0	0	0	0.15	151.3706	0.7473	1.0	1.0	1.0	1.0	1.0	0.8136	0.6877	0.2567	1.0	0.0	3.4959
07930113a85651b0	drivor_action_best_after	scored	39.602	0	66.0	0.6	contact_at_fault	297	front with 47471edbb21252e4	298	20	0.0	1	0	0	0	0.0769	101.1467	0.6458	0.9964	1.0	1.0	1.0	0.9532	0.3058	0.7014	0.3058	0.6568	1.0	3.3943
07bf0601ad425977	drivor_action_best_before	scored	100.0	1	100.0	1.0	goal_reached	236	goal region entered	237	20	0.0	0	0	0	0	0.2	156.0971	0.7401	1.0	1.0	1.0	1.0	0.9724	0.3963	0.6636	0.318	1.0	0.0	6.5976
07bf0601ad425977	drivor_action_best_after	scored	100.0	1	100.0	1.0	goal_reached	234	goal region entered	235	20	0.0	0	0	0	0	0.2	156.933	0.7668	1.0	1.0	1.0	1.0	0.9907	0.493	0.693	0.3209	1.0	0.0	6.6893
07c5114fdb395f8b	drivor_action_best_before	scored	100.0	1	100.0	1.0	goal_reached	292	goal region entered	293	20	0.0	0	0	0	0	0.4615	224.0134	0.8026	1.0	1.0	1.0	1.0	1.0	0.6996	0.7363	0.4139	1.0	0.0	7.6895
07c5114fdb395f8b	drivor_action_best_after	scored	100.0	1	100.0	1.0	goal_reached	254	goal region entered	255	20	0.0	0	0	0	0	0.5455	224.5336	0.7867	1.0	1.0	1.0	1.0	1.0	0.4596	0.7872	0.4851	1.0	0.0	8.8558
0802a51b0a1d512c	drivor_action_best_before	scored	31.815	0	53.03	0.6	contact_at_fault	100	front with 7810fd84b64c599c	101	8	0.0	1	0	0	0	0.25	58.4633	0.7628	0.9892	1.0	1.0	1.0	0.8817	0.4946	0.6989	0.2366	0.5124	1.0	5.8382
0802a51b0a1d512c	drivor_action_best_after	scored	32.274	0	53.79	0.6	contact_at_fault	107	front with 7810fd84b64c599c	108	8	0.0	1	0	0	0	0.6	58.792	0.7488	0.99	1.0	1.0	1.0	0.9	0.46	0.63	0.2	0.5203	1.0	5.4902
081b5785002b5962	drivor_action_best_before	scored	100.0	1	100.0	1.0	goal_reached	374	goal region entered	375	20	0.0	0	0	0	0	0.4706	275.4977	0.7057	1.0	1.0	1.0	1.0	1.0	0.3493	0.7183	0.3915	1.0	0.0	7.3812
081b5785002b5962	drivor_action_best_after	scored	100.0	1	100.0	1.0	goal_reached	392	goal region entered	393	20	0.0	0	0	0	0	0.3333	275.1449	0.6865	1.0	1.0	1.0	1.0	1.0	0.4048	0.6515	0.3244	1.0	0.0	7.0341
087023402a695ba3	drivor_action_best_before	scored	100.0	1	100.0	1.0	goal_reached	152	goal region entered	153	20	0.0	0	0	0	0	0.3333	71.5243	0.776	1.0	1.0	1.0	1.0	1.0	0.4662	0.6466	0.188	1.0	0.0	4.7081
087023402a695ba3	drivor_action_best_after	scored	100.0	1	100.0	1.0	goal_reached	155	goal region entered	156	20	0.0	0	0	0	0	0.1667	71.8789	0.7838	1.0	1.0	1.0	1.0	1.0	0.4044	0.6985	0.2353	1.0	0.0	4.6403
087df0996ade50d3	drivor_action_best_before	scored	100.0	1	100.0	1.0	goal_reached	238	goal region entered	239	8	0.0	0	0	0	0	0.0909	108.7617	0.8534	1.0	1.0	1.0	1.0	1.0	0.961	0.6667	0.4026	1.0	0.0	4.5509
087df0996ade50d3	drivor_action_best_after	scored	100.0	1	100.0	1.0	goal_reached	208	goal region entered	209	8	0.0	0	0	0	0	0.1	109.4018	0.8582	1.0	1.0	1.0	1.0	1.0	1.0	0.6269	0.3582	1.0	0.0	5.2348
089e3eac4f7e5c5c	drivor_action_best_before	scored	100.0	1	100.0	1.0	goal_reached	206	goal region entered	207	20	0.0	0	0	0	0	0.0	99.5663	0.712	1.0	1.0	1.0	1.0	1.0	0.4652	0.6952	0.2406	1.0	0.0	4.8636
089e3eac4f7e5c5c	drivor_action_best_after	scored	100.0	1	100.0	1.0	goal_reached	207	goal region entered	208	20	0.0	0	0	0	0	0.0	99.2025	0.6936	1.0	1.0	1.0	1.0	1.0	0.4096	0.6649	0.2447	1.0	0.0	4.8227
096d823b664e5972	drivor_action_best_before	scored	100.0	1	100.0	1.0	goal_reached	82	goal region entered	83	20	0.0	0	0	0	0	0.3333	45.3279	0.7908	1.0	1.0	1.0	1.0	1.0	1.0	0.6349	0.1587	1.0	0.0	5.5638
096d823b664e5972	drivor_action_best_after	scored	100.0	1	100.0	1.0	goal_reached	80	goal region entered	81	20	0.0	0	0	0	0	0.6667	45.306	0.792	1.0	1.0	1.0	1.0	1.0	1.0	0.6557	0.1311	1.0	0.0	5.6985
0980dd9cdc0e543a	drivor_action_best_before	scored	3.798	0	6.33	0.6	contact_at_fault	35	front with 6f645024cd1b5a3b	36	8	0.0	1	0	0	0	0.0	4.9929	0.904	0.9643	1.0	1.0	1.0	0.9286	1.0	0.8929	0.6786	0.0616	1.0	1.3985
0980dd9cdc0e543a	drivor_action_best_after	scored	3.798	0	6.33	0.6	contact_at_fault	34	front with 6f645024cd1b5a3b	35	8	0.0	1	0	0	0	0.0	4.8801	0.8958	0.963	1.0	1.0	1.0	0.9259	1.0	0.8889	0.6296	0.0616	1.0	1.4062
09a803ee2cb65992	drivor_action_best_before	scored	100.0	1	100.0	1.0	goal_reached	298	goal region entered	299	20	0.0	0	0	0	0	0.1538	113.3188	0.745	1.0	1.0	1.0	1.0	1.0	0.4731	0.6523	0.2581	1.0	0.0	3.7939
09a803ee2cb65992	drivor_action_best_after	scored	100.0	1	100.0	1.0	goal_reached	293	goal region entered	294	20	0.0	0	0	0	0	0.0	113.3881	0.7731	1.0	1.0	1.0	1.0	1.0	0.6934	0.6715	0.2518	1.0	0.0	3.8607
09d33cf8b87c5ae3	drivor_action_best_before	scored	100.0	1	100.0	1.0	goal_reached	330	goal region entered	331	20	0.0	0	0	0	0	0.3333	78.9493	0.728	1.0	1.0	1.0	1.0	1.0	0.8296	0.7106	0.3119	1.0	0.0	2.4001
09d33cf8b87c5ae3	drivor_action_best_after	scored	100.0	1	100.0	1.0	goal_reached	325	goal region entered	326	20	0.0	0	0	0	0	0.4	78.9621	0.7454	1.0	1.0	1.0	1.0	1.0	0.8399	0.7614	0.3399	1.0	0.0	2.4373
0a51eb8adf8e5391	drivor_action_best_before	scored	30.21	0	32.84	0.919949	contact_not_at_fault	103	rear_end with c614f0a08c235bed	104	8	8.005	0	0	0	0	0.0	42.3225	0.7276	0.9896	0.9479	1.0	1.0	0.8021	0.5625	0.75	0.2917	0.324	1.0	4.0837
0a51eb8adf8e5391	drivor_action_best_after	scored	100.0	1	100.0	1.0	goal_reached	210	goal region entered	211	8	0.0	0	0	0	0	0.5	127.6088	0.8222	1.0	1.0	1.0	1.0	1.0	0.7044	0.6502	0.2709	1.0	0.0	6.0548
0a51eebaccc95c36	drivor_action_best_before	scored	100.0	1	100.0	1.0	goal_reached	172	goal region entered	173	20	0.0	0	0	0	0	1.0	57.5694	0.8379	1.0	1.0	1.0	1.0	1.0	0.6013	0.8235	0.4444	1.0	0.0	3.3459
0a51eebaccc95c36	drivor_action_best_after	scored	100.0	1	100.0	1.0	goal_reached	175	goal region entered	176	20	0.0	0	0	0	0	0.5714	57.9814	0.8426	1.0	1.0	1.0	1.0	1.0	0.6474	0.8462	0.4808	1.0	0.0	3.3123
0af464147919575d	drivor_action_best_before	scored	24.791	0	25.65	0.966576	off_drivable	103	off drivable for 0.5 s through frame 103	104	20	3.342	0	0	0	0	0.75	42.0795	0.8218	1.0	0.9405	1.0	1.0	1.0	1.0	0.7381	0.3333	0.2518	0.0	4.0461
0af464147919575d	drivor_action_best_after	scored	24.549	0	25.65	0.957142	off_drivable	102	off drivable for 0.5 s through frame 102	103	20	4.286	0	0	0	0	0.5	42.5877	0.8186	1.0	0.9398	1.0	1.0	1.0	1.0	0.7108	0.3012	0.2518	0.0	4.1348
0b1250020ea95539	drivor_action_best_before	scored	100.0	1	100.0	1.0	goal_reached	190	goal region entered	191	20	0.0	0	0	0	0	0.25	83.9921	0.789	1.0	1.0	1.0	1.0	1.0	0.5789	0.7544	0.3158	1.0	0.0	4.4393
0b1250020ea95539	drivor_action_best_after	scored	100.0	1	100.0	1.0	goal_reached	197	goal region entered	198	20	0.0	0	0	0	0	0.5	83.1001	0.7839	1.0	1.0	1.0	1.0	1.0	0.5618	0.7584	0.3202	1.0	0.0	4.2373
0b12ac5676875ade	drivor_action_best_before	scored	100.0	1	100.0	1.0	goal_reached	297	goal region entered	298	20	0.0	0	0	0	0	0.0769	123.6826	0.7843	1.0	1.0	1.0	1.0	1.0	1.0	0.6763	0.205	1.0	0.0	4.1845
0b12ac5676875ade	drivor_action_best_after	scored	100.0	1	100.0	1.0	goal_reached	292	goal region entered	293	20	0.0	0	0	0	0	0.3077	123.5198	0.7907	1.0	1.0	1.0	1.0	1.0	1.0	0.6996	0.2418	1.0	0.0	4.2503
0b1a626ef31150b3	drivor_action_best_before	scored	100.0	1	100.0	1.0	goal_reached	318	goal region entered	319	20	0.0	0	0	0	0	0.1429	128.4769	0.7853	1.0	1.0	1.0	1.0	1.0	0.505	0.709	0.3278	1.0	0.0	4.0275
0b1a626ef31150b3	drivor_action_best_after	scored	100.0	1	100.0	1.0	goal_reached	325	goal region entered	326	20	0.0	0	0	0	0	0.1333	128.5538	0.7908	1.0	1.0	1.0	1.0	1.0	0.5425	0.7157	0.3301	1.0	0.0	3.9434
0ba54149d1575f95	drivor_action_best_before	scored	100.0	1	100.0	1.0	goal_reached	248	goal region entered	249	20	0.0	0	0	0	0	0.1818	133.2705	0.7467	1.0	1.0	1.0	1.0	1.0	0.2838	0.655	0.2183	1.0	0.0	5.3529
0ba54149d1575f95	drivor_action_best_after	scored	100.0	1	100.0	1.0	goal_reached	271	goal region entered	272	20	0.0	0	0	0	0	0.0833	133.1181	0.779	1.0	1.0	1.0	1.0	1.0	0.631	0.6587	0.2341	1.0	0.0	4.8947
0bcae698fd905226	drivor_action_best_before	scored	79.895	0	80.84	0.988311	off_drivable	226	off drivable for 0.5 s through frame 226	227	20	1.169	0	0	0	0	0.1	56.3147	0.8217	1.0	0.9758	1.0	1.0	1.0	0.8116	0.7343	0.2899	0.7997	0.0	2.4809
0bcae698fd905226	drivor_action_best_after	scored	79.774	0	79.77	1.0	off_drivable	202	off drivable for 0.5 s through frame 202	203	20	0.0	0	0	0	0	0.2222	54.2841	0.8174	1.0	0.9672	1.0	1.0	1.0	0.918	0.6776	0.235	0.7888	0.0	2.6742
0c49c66ca32551c2	drivor_action_best_before	scored	100.0	1	100.0	1.0	goal_reached	317	goal region entered	318	20	0.0	0	0	0	0	0.2857	138.0256	0.7301	1.0	1.0	1.0	1.0	0.9765	0.943	0.7282	0.2852	1.0	0.0	4.3539
0c49c66ca32551c2	drivor_action_best_after	scored	100.0	1	100.0	1.0	goal_reached	349	goal region entered	350	20	0.0	0	0	0	0	0.375	138.2755	0.7418	1.0	1.0	1.0	1.0	0.9818	0.9727	0.7091	0.3061	1.0	0.0	3.963
0ce170237acd51c2	drivor_action_best_before	scored	100.0	1	100.0	1.0	goal_reached	332	goal region entered	333	20	0.0	0	0	0	0	0.1333	231.2714	0.7439	1.0	1.0	1.0	1.0	1.0	0.623	0.6997	0.2907	1.0	0.0	6.9864
0ce170237acd51c2	drivor_action_best_after	scored	100.0	1	100.0	1.0	goal_reached	351	goal region entered	352	20	0.0	0	0	0	0	0.25	230.7712	0.7602	1.0	1.0	1.0	1.0	1.0	0.75	0.7349	0.2892	1.0	0.0	6.5951
0d07429bb7205688	drivor_action_best_before	scored	100.0	1	100.0	1.0	goal_reached	347	goal region entered	348	20	0.0	0	0	0	0	0.375	105.473	0.6655	1.0	1.0	1.0	1.0	0.9482	0.0701	0.7744	0.3659	1.0	0.0	3.0565
0d07429bb7205688	drivor_action_best_after	scored	100.0	1	100.0	1.0	goal_reached	324	goal region entered	325	20	0.0	0	0	0	0	0.3333	105.3997	0.6448	1.0	1.0	1.0	1.0	0.918	0.0754	0.7311	0.3148	1.0	0.0	3.2705
0d2403a8031f540c	drivor_action_best_before	scored	100.0	1	100.0	1.0	goal_reached	127	goal region entered	128	20	0.0	0	0	0	0	0.8	34.741	0.8371	1.0	1.0	1.0	1.0	1.0	0.8333	0.9352	0.5185	1.0	0.0	2.7323
0d2403a8031f540c	drivor_action_best_after	scored	100.0	1	100.0	1.0	goal_reached	125	goal region entered	126	20	0.0	0	0	0	0	0.8	35.0264	0.8177	1.0	1.0	1.0	1.0	1.0	0.8019	0.8585	0.4245	1.0	0.0	2.7983
0d5b8da00d505be0	drivor_action_best_before	scored	100.0	1	100.0	1.0	goal_reached	369	goal region entered	370	20	0.0	0	0	0	0	0.1765	228.2273	0.6942	1.0	1.0	1.0	1.0	1.0	0.5914	0.6029	0.2857	1.0	0.0	6.1951
0d5b8da00d505be0	drivor_action_best_after	scored	100.0	1	100.0	1.0	goal_reached	381	goal region entered	382	20	0.0	0	0	0	0	0.1667	227.8081	0.7	1.0	1.0	1.0	1.0	1.0	0.6436	0.5801	0.2459	1.0	0.0	5.9895
0dd23f4ea286544f	drivor_action_best_before	scored	57.779	0	96.3	0.6	contact_at_fault	330	front with a0c77662b4df53c5	331	20	0.0	1	0	0	0	0.2667	97.6135	0.7929	0.9968	1.0	1.0	1.0	0.9582	0.9839	0.6559	0.2219	0.9626	1.0	2.949
0dd23f4ea286544f	drivor_action_best_after	scored	70.561	0	72.59	0.972021	off_drivable	256	off drivable for 0.5 s through frame 256	257	20	2.798	0	0	0	0	0.0909	70.273	0.7626	1.0	0.9789	1.0	1.0	1.0	0.9705	0.692	0.2827	0.7253	0.0	2.7344
0dd3256035e75770	drivor_action_best_before	scored	9.782	0	16.3	0.6	contact_at_fault	50	front with navsafe_oncoming_vehicle	51	8	0.0	1	0	0	0	0.0	16.1807	0.7773	0.9767	1.0	1.0	1.0	0.7442	1.0	0.6977	0.2791	0.1431	1.0	3.237
0dd3256035e75770	drivor_action_best_after	scored	8.507	0	14.18	0.6	contact_at_fault	52	front with navsafe_oncoming_vehicle	53	8	0.0	1	0	0	0	0.0	14.6085	0.7997	0.9778	1.0	1.0	1.0	0.7778	1.0	0.8	0.2889	0.1214	1.0	2.8182
0e272e003af65a71	drivor_action_best_before	scored	38.625	0	64.38	0.6	contact_at_fault	96	front with 091c0ee77bc55cd6	97	20	0.0	1	0	0	0	1.0	12.8777	0.7564	0.987	1.0	1.0	1.0	0.8961	1.0	0.8442	0.4545	0.5135	1.0	1.3463
0e272e003af65a71	drivor_action_best_after	scored	38.625	0	64.38	0.6	contact_at_fault	91	front with 091c0ee77bc55cd6	92	20	0.0	1	0	0	0	0.6667	12.915	0.7599	0.9861	1.0	1.0	1.0	0.8472	1.0	0.9028	0.5	0.5135	1.0	1.4235
0e6cae45fdd5536b	drivor_action_best_before	scored	100.0	1	100.0	1.0	goal_reached	207	goal region entered	208	20	0.0	0	0	0	0	0.2222	72.1354	0.7872	1.0	1.0	1.0	1.0	1.0	0.3989	0.7074	0.2606	1.0	0.0	3.4691
0e6cae45fdd5536b	drivor_action_best_after	scored	100.0	1	100.0	1.0	goal_reached	380	goal region entered	381	20	0.0	0	0	0	0	0.3333	73.6897	0.8105	1.0	1.0	1.0	1.0	1.0	0.759	0.651	0.1884	1.0	0.0	1.9347
0ebb578555b25ab2	drivor_action_best_before	scored	99.987	0	100.0	0.99987	goal_reached	309	goal region entered	310	8	0.013	0	0	0	0	0.2667	134.9201	0.7667	1.0	0.9967	1.0	1.0	1.0	0.7517	0.7219	0.2583	1.0	0.0	4.3855
0ebb578555b25ab2	drivor_action_best_after	scored	100.0	1	100.0	1.0	goal_reached	271	goal region entered	272	8	0.0	0	0	0	0	0.3846	133.4723	0.7958	1.0	1.0	1.0	1.0	1.0	0.9167	0.7424	0.2652	1.0	0.0	4.9449
0eeeee655d415970	drivor_action_best_before	scored	100.0	1	100.0	1.0	goal_reached	285	goal region entered	286	20	0.0	0	0	0	0	0.3846	70.5493	0.7997	1.0	1.0	1.0	1.0	1.0	0.782	0.8008	0.3797	1.0	0.0	2.4691
0eeeee655d415970	drivor_action_best_after	scored	13.862	0	23.1	0.6	contact_at_fault	73	front with 414d3e20d00655aa	74	20	0.0	1	0	0	0	0.5	17.4513	0.7165	0.9815	1.0	1.0	1.0	0.9074	1.0	0.8519	0.2963	0.1776	1.0	2.3675
0f622aef14545f59	drivor_action_best_before	scored	100.0	1	100.0	1.0	goal_reached	324	goal region entered	325	20	0.0	0	0	0	0	0.0667	109.976	0.7177	1.0	1.0	1.0	1.0	1.0	0.4623	0.7115	0.2852	1.0	0.0	3.4046
0f622aef14545f59	drivor_action_best_after	scored	100.0	1	100.0	1.0	goal_reached	328	goal region entered	329	20	0.0	0	0	0	0	0.0	110.0545	0.7102	1.0	1.0	1.0	1.0	1.0	0.4498	0.6861	0.2298	1.0	0.0	3.3656
0fa9a7f8b7235bfd	drivor_action_best_before	scored	100.0	1	100.0	1.0	goal_reached	115	goal region entered	116	20	0.0	0	0	0	0	0.25	34.4122	0.8893	1.0	1.0	1.0	1.0	1.0	0.8958	0.7604	0.4583	1.0	0.0	2.9738
0fa9a7f8b7235bfd	drivor_action_best_after	scored	100.0	1	100.0	1.0	goal_reached	112	goal region entered	113	20	0.0	0	0	0	0	0.25	34.526	0.8871	1.0	1.0	1.0	1.0	1.0	0.9462	0.7527	0.3978	1.0	0.0	3.0628
107a64d478fa508f	drivor_action_best_before	scored	100.0	1	100.0	1.0	goal_reached	210	goal region entered	211	20	0.0	0	0	0	0	0.3333	51.8756	0.7517	1.0	1.0	1.0	1.0	1.0	0.623	0.7696	0.3665	1.0	0.0	2.4795
107a64d478fa508f	drivor_action_best_after	scored	100.0	1	100.0	1.0	goal_reached	211	goal region entered	212	20	0.0	0	0	0	0	0.2222	51.7009	0.7575	1.0	1.0	1.0	1.0	1.0	0.625	0.7969	0.3906	1.0	0.0	2.4596
10cfd645bb645e2e	drivor_action_best_before	scored	100.0	1	100.0	1.0	goal_reached	148	goal region entered	149	20	0.0	0	0	0	0	1.0	37.2021	0.9201	1.0	1.0	1.0	1.0	1.0	1.0	0.8527	0.5116	1.0	0.0	2.5119
10cfd645bb645e2e	drivor_action_best_after	scored	100.0	1	100.0	1.0	goal_reached	145	goal region entered	146	20	0.0	0	0	0	0	0.6667	36.8069	0.9182	1.0	1.0	1.0	1.0	1.0	0.9841	0.8571	0.5079	1.0	0.0	2.5364
112db94505025ec5	drivor_action_best_before	scored	82.972	0	84.09	0.986695	off_drivable	414	off drivable for 0.5 s through frame 414	415	8	1.331	0	0	0	0	0.0	159.5561	0.7159	1.0	0.9877	1.0	1.0	1.0	0.7273	0.6806	0.285	0.825	0.0	3.8691
112db94505025ec5	drivor_action_best_after	scored	100.0	1	100.0	1.0	goal_reached	354	goal region entered	355	8	0.0	0	0	0	0	0.1176	146.2841	0.7152	1.0	1.0	1.0	1.0	1.0	0.8156	0.6571	0.1816	1.0	0.0	4.1492
131a036a111e54f3	drivor_action_best_before	scored	7.016	0	16.71	0.42	contact_at_fault	79	front with navsafe_blocker_1	80	8	0.0	1	0	0	1	0.0	22.4165	0.7803	0.9861	1.0	1.0	0.9861	0.7778	0.9583	0.5556	0.4167	0.1671	1.0	2.8021
131a036a111e54f3	drivor_action_best_after	scored	7.016	0	16.71	0.42	contact_at_fault	77	front with navsafe_blocker_1	78	8	0.0	1	0	0	1	0.0	22.4061	0.8277	0.9857	1.0	1.0	0.9857	0.8857	1.0	0.5857	0.4571	0.1671	1.0	2.8726
132307b3c1a55f97	drivor_action_best_before	scored	12.438	0	24.88	0.5	contact_at_fault	71	vru with navsafe_ped_1	72	8	0.0	0	1	0	0	0.6667	34.1744	0.7341	0.9844	1.0	1.0	1.0	0.8438	0.6094	0.6562	0.3281	0.2322	1.0	4.7849
132307b3c1a55f97	drivor_action_best_after	scored	11.544	0	23.09	0.5	contact_at_fault	86	vru with navsafe_robot_2	87	8	0.0	0	1	0	0	0.0	31.3563	0.6793	0.9873	1.0	1.0	1.0	0.8861	0.2405	0.5823	0.3544	0.214	1.0	3.636
13805e7752fe5685	drivor_action_best_before	scored	100.0	1	100.0	1.0	goal_reached	400	goal region entered	401	8	0.0	0	0	0	0	0.1053	191.3636	0.738	1.0	1.0	1.0	1.0	1.0	0.6997	0.6768	0.285	1.0	0.0	4.7854
13805e7752fe5685	drivor_action_best_after	scored	100.0	1	100.0	1.0	goal_reached	410	goal region entered	411	8	0.0	0	0	0	0	0.05	191.0336	0.7334	1.0	1.0	1.0	1.0	1.0	0.7543	0.6799	0.2457	1.0	0.0	4.661
13bb7469606159e9	drivor_action_best_before	scored	100.0	1	100.0	1.0	goal_reached	284	goal region entered	285	20	0.0	0	0	0	0	0.0	122.2654	0.7178	1.0	1.0	1.0	1.0	1.0	0.7774	0.6113	0.3094	1.0	0.0	4.3193
13bb7469606159e9	drivor_action_best_after	scored	100.0	1	100.0	1.0	goal_reached	269	goal region entered	270	20	0.0	0	0	0	0	0.1667	122.5007	0.6993	1.0	1.0	1.0	1.0	1.0	0.584	0.608	0.276	1.0	0.0	4.568
13c555e68671524f	drivor_action_best_before	scored	100.0	1	100.0	1.0	goal_reached	188	goal region entered	189	8	0.0	0	0	0	0	0.1111	90.7655	0.8538	1.0	1.0	1.0	1.0	1.0	0.9061	0.674	0.2597	1.0	0.0	4.8154
13c555e68671524f	drivor_action_best_after	scored	100.0	1	100.0	1.0	goal_reached	177	goal region entered	178	8	0.0	0	0	0	0	0.125	88.9604	0.8474	1.0	1.0	1.0	1.0	1.0	0.8529	0.6882	0.2471	1.0	0.0	5.0116
14c0a657ac3e5bb7	drivor_action_best_before	scored	100.0	1	100.0	1.0	goal_reached	255	goal region entered	256	8	0.0	0	0	0	0	0.25	100.4789	0.7536	1.0	1.0	1.0	1.0	1.0	0.3629	0.7339	0.3145	1.0	0.0	3.9407
14c0a657ac3e5bb7	drivor_action_best_after	scored	100.0	1	100.0	1.0	goal_reached	246	goal region entered	247	8	0.0	0	0	0	0	0.5455	99.91	0.7698	1.0	1.0	1.0	1.0	1.0	0.3891	0.7573	0.3431	1.0	0.0	4.0612
14d171fcb9295596	drivor_action_best_before	scored	38.361	0	38.36	1.0	contact_not_at_fault	141	vru with d52b0ae538b256d0	142	20	0.0	0	0	0	0	0.1667	30.7284	0.7887	1.0	1.0	1.0	1.0	0.9672	1.0	0.6639	0.3361	0.3762	1.0	2.1648
14d171fcb9295596	drivor_action_best_after	scored	31.553	0	31.55	1.0	contact_not_at_fault	137	vru with d52b0ae538b256d0	138	20	0.0	0	0	0	0	0.4	25.4498	0.7517	1.0	1.0	1.0	1.0	0.9322	0.9576	0.7119	0.3644	0.3074	1.0	1.8451
14d53f85ccc65f23	drivor_action_best_before	scored	100.0	1	100.0	1.0	goal_reached	269	goal region entered	270	20	0.0	0	0	0	0	0.1667	109.2486	0.7504	1.0	1.0	1.0	1.0	0.956	0.588	0.736	0.24	1.0	0.0	4.0727
14d53f85ccc65f23	drivor_action_best_after	scored	26.04	0	43.4	0.6	contact_at_fault	75	front with 97e8bd837e4c5013	76	20	0.0	1	0	0	0	1.0	47.9679	0.7763	0.9821	1.0	1.0	1.0	0.7857	1.0	0.75	0.3214	0.3465	1.0	6.4055
14fe69db03425780	drivor_action_best_before	scored	50.048	0	50.05	1.0	deadlock	251	< 0.1 m/s for 5 s	383	20	0.0	0	0	0	0	0.4545	14.7364	0.6937	1.0	1.0	1.0	1.0	1.0	0.9174	0.73	0.1515	0.3897	0.0	0.3932
14fe69db03425780	drivor_action_best_after	scored	51.232	0	51.23	1.0	deadlock	255	< 0.1 m/s for 5 s	419	20	0.0	0	0	0	0	0.5455	15.1494	0.706	1.0	1.0	1.0	1.0	1.0	0.9474	0.7243	0.193	0.4151	0.0	0.3693
17296f6032025ecc	drivor_action_best_before	scored	100.0	1	100.0	1.0	goal_reached	127	goal region entered	128	20	0.0	0	0	0	0	0.4	43.5861	0.8304	1.0	1.0	1.0	1.0	1.0	0.6296	0.7222	0.3148	1.0	0.0	3.4052
17296f6032025ecc	drivor_action_best_after	scored	100.0	1	100.0	1.0	goal_reached	135	goal region entered	136	20	0.0	0	0	0	0	0.4	43.6478	0.8217	1.0	1.0	1.0	1.0	1.0	0.5776	0.6983	0.319	1.0	0.0	3.2094
173369dc059d5fe9	drivor_action_best_before	scored	8.011	0	16.02	0.5	contact_at_fault	64	vru with navsafe_animal	65	8	0.0	0	1	0	0	0.0	21.483	0.7224	0.9825	1.0	1.0	1.0	0.9298	1.0	0.7544	0.1404	0.14	1.0	3.3621
173369dc059d5fe9	drivor_action_best_after	scored	7.597	0	15.19	0.5	contact_at_fault	70	vru with navsafe_animal	71	8	0.0	0	1	0	0	0.3333	20.6669	0.6938	0.9841	1.0	1.0	1.0	0.8571	1.0	0.7778	0.2381	0.1315	1.0	2.963
17b0992157365222	drivor_action_best_before	scored	8.051	0	16.1	0.5	contact_at_fault	54	vru with navsafe_robot_2	55	8	0.0	0	1	0	0	0.0	24.8675	0.6594	0.9787	1.0	1.0	1.0	0.9574	0.4894	0.6596	0.2128	0.1163	1.0	4.6985
17b0992157365222	drivor_action_best_after	scored	8.051	0	16.1	0.5	contact_at_fault	54	vru with navsafe_robot_2	55	8	0.0	0	1	0	0	0.0	24.7809	0.6592	0.9787	1.0	1.0	1.0	0.9574	0.4894	0.6383	0.234	0.1163	1.0	4.6828
17cac31ef9135faf	drivor_action_best_before	scored	99.84	0	100.0	0.998395	goal_reached	197	goal region entered	198	20	0.16	0	0	0	0	0.25	81.0484	0.8251	1.0	0.9944	1.0	1.0	1.0	0.764	0.6517	0.2303	1.0	0.0	4.0934
17cac31ef9135faf	drivor_action_best_after	scored	100.0	1	100.0	1.0	goal_reached	210	goal region entered	211	20	0.0	0	0	0	0	0.1111	84.2859	0.8109	1.0	1.0	1.0	1.0	0.9895	0.7696	0.6283	0.3298	1.0	0.0	3.9946
184c11a8cc875403	drivor_action_best_before	scored	43.847	0	46.62	0.940495	off_drivable	107	off drivable for 0.5 s through frame 107	108	20	5.95	0	0	0	0	0.0	83.3145	0.739	1.0	0.9432	1.0	1.0	1.0	0.9545	0.6818	0.2159	0.4022	0.0	7.8
184c11a8cc875403	drivor_action_best_after	scored	42.639	0	45.6	0.935126	off_drivable	103	off drivable for 0.5 s through frame 103	104	20	6.487	0	0	0	0	0.25	81.2868	0.7395	1.0	0.9405	1.0	1.0	1.0	0.9881	0.6548	0.1667	0.3908	0.0	7.905
18b5995484435fbe	drivor_action_best_before	scored	100.0	1	100.0	1.0	goal_reached	173	goal region entered	174	20	0.0	0	0	0	0	0.2857	50.8214	0.8223	1.0	1.0	1.0	1.0	1.0	1.0	0.7273	0.2532	1.0	0.0	2.9208
18b5995484435fbe	drivor_action_best_after	scored	100.0	1	100.0	1.0	goal_reached	171	goal region entered	172	20	0.0	0	0	0	0	0.2857	49.9963	0.8141	1.0	1.0	1.0	1.0	1.0	1.0	0.7171	0.2303	1.0	0.0	2.9068
190bf8dd22a25d1c	drivor_action_best_before	scored	21.836	0	21.84	1.0	contact_not_at_fault	58	vru with 6dc96d201d955eac	59	20	0.0	0	0	0	0	0.0	30.3158	0.7376	1.0	1.0	1.0	1.0	0.9487	1.0	0.6923	0.2051	0.1251	1.0	5.2616
190bf8dd22a25d1c	drivor_action_best_after	scored	20.811	0	20.81	1.0	contact_not_at_fault	57	vru with 6dc96d201d955eac	58	20	0.0	0	0	0	0	1.0	29.1976	0.7262	1.0	1.0	1.0	1.0	0.8947	1.0	0.7105	0.2368	0.1137	1.0	5.1596
190c8d0cece45af1	drivor_action_best_before	scored	18.063	0	30.1	0.6	contact_at_fault	92	front with ccf34df7b507502b	93	20	0.0	1	0	0	0	0.0	46.4446	0.7111	0.9863	1.0	1.0	1.0	0.8493	0.6986	0.7945	0.3562	0.2402	1.0	5.052
190c8d0cece45af1	drivor_action_best_after	scored	31.635	0	31.63	1.0	contact_not_at_fault	87	rear_end with ccf34df7b507502b	88	20	0.0	0	0	0	0	0.3333	48.367	0.7734	1.0	1.0	1.0	1.0	1.0	0.6912	0.7353	0.3529	0.2568	1.0	5.5575
1961d1075a085a1d	drivor_action_best_before	scored	100.0	1	100.0	1.0	goal_reached	109	goal region entered	110	20	0.0	0	0	0	0	0.0	36.3268	0.8359	1.0	1.0	1.0	1.0	1.0	1.0	0.6	0.2222	1.0	0.0	3.3026
1961d1075a085a1d	drivor_action_best_after	scored	100.0	1	100.0	1.0	goal_reached	130	goal region entered	131	20	0.0	0	0	0	0	0.0	36.2074	0.8318	1.0	1.0	1.0	1.0	1.0	1.0	0.6126	0.2252	1.0	0.0	2.7641
1981a85eb4ba5001	drivor_action_best_before	scored	58.347	0	58.35	1.0	budget_expired	619	t_max 60.0 s elapsed	620	20	0.0	0	0	0	0	0.8333	124.0251	0.7281	1.0	1.0	1.0	1.0	1.0	0.5733	0.85	0.55	0.5589	0.0	2.0071
1981a85eb4ba5001	drivor_action_best_after	scored	56.435	0	56.44	1.0	budget_expired	619	t_max 60.0 s elapsed	620	20	0.0	0	0	0	0	0.9	119.6803	0.7076	1.0	1.0	1.0	1.0	1.0	0.4683	0.8217	0.5083	0.5388	0.0	1.9371
198bc5f3280e52cd	drivor_action_best_before	scored	100.0	1	100.0	1.0	goal_reached	375	goal region entered	376	20	0.0	0	0	0	0	0.4118	144.0248	0.7684	1.0	1.0	1.0	1.0	1.0	0.9382	0.7697	0.4635	1.0	0.0	3.8666
198bc5f3280e52cd	drivor_action_best_after	scored	100.0	1	100.0	1.0	goal_reached	373	goal region entered	374	20	0.0	0	0	0	0	0.4706	144.3041	0.7353	1.0	1.0	1.0	1.0	1.0	0.7401	0.7345	0.4322	1.0	0.0	3.8948
19b85cbca28f5c41	drivor_action_best_before	scored	100.0	1	100.0	1.0	goal_reached	189	goal region entered	190	20	0.0	0	0	0	0	0.875	48.4358	0.8452	1.0	1.0	1.0	1.0	1.0	1.0	0.8882	0.4824	1.0	0.0	2.5932
19b85cbca28f5c41	drivor_action_best_after	scored	100.0	1	100.0	1.0	goal_reached	192	goal region entered	193	20	0.0	0	0	0	0	0.875	48.4356	0.8492	1.0	1.0	1.0	1.0	1.0	1.0	0.9017	0.4913	1.0	0.0	2.5529
1ad96f74e72750db	drivor_action_best_before	scored	100.0	1	100.0	1.0	goal_reached	198	goal region entered	199	20	0.0	0	0	0	0	0.5	62.7251	0.8364	1.0	1.0	1.0	1.0	1.0	0.3911	0.838	0.4637	1.0	0.0	3.1524
1ad96f74e72750db	drivor_action_best_after	scored	100.0	1	100.0	1.0	goal_reached	199	goal region entered	200	20	0.0	0	0	0	0	0.5556	62.3516	0.849	1.0	1.0	1.0	1.0	1.0	0.5056	0.8389	0.45	1.0	0.0	3.1179
1b2b430e151a50ae	drivor_action_best_before	scored	100.0	1	100.0	1.0	goal_reached	386	goal region entered	387	20	0.0	0	0	0	0	0.1111	173.0639	0.7329	1.0	1.0	1.0	1.0	0.9973	0.5422	0.6621	0.2289	1.0	0.0	4.4728
1b2b430e151a50ae	drivor_action_best_after	scored	100.0	1	100.0	1.0	goal_reached	381	goal region entered	382	20	0.0	0	0	0	0	0.0556	173.07	0.7403	1.0	1.0	1.0	1.0	1.0	0.5746	0.663	0.2459	1.0	0.0	4.5315
1bdfacbfcff75c27	drivor_action_best_before	scored	12.293	0	13.38	0.918585	off_drivable	56	off drivable for 0.5 s through frame 56	57	8	8.142	0	0	0	0	0.0	24.0459	0.7679	1.0	0.898	1.0	1.0	1.0	1.0	0.6327	0.2449	0.1275	0.0	4.238
1bdfacbfcff75c27	drivor_action_best_after	scored	12.668	0	13.79	0.918884	off_drivable	56	off drivable for 0.5 s through frame 56	57	8	8.112	0	0	0	0	0.0	24.0235	0.7628	1.0	0.898	1.0	1.0	1.0	1.0	0.6122	0.2245	0.1316	0.0	4.2341
1bf45a481f1d52e3	drivor_action_best_before	scored	100.0	1	100.0	1.0	goal_reached	346	goal region entered	347	20	0.0	0	0	0	0	0.25	166.8874	0.8085	1.0	1.0	1.0	1.0	1.0	0.8532	0.682	0.3456	1.0	0.0	4.8094
1bf45a481f1d52e3	drivor_action_best_after	scored	56.264	0	56.26	1.0	contact_not_at_fault	181	rear_end with 6d1e56f30fff5807	182	20	0.0	0	0	0	0	0.25	94.5363	0.8177	1.0	1.0	1.0	1.0	0.9938	0.7654	0.6543	0.3519	0.562	1.0	5.1943
1c064ec24fa15900	drivor_action_best_before	scored	87.688	0	88.16	0.994655	off_drivable	265	off drivable for 0.5 s through frame 265	266	20	0.535	0	0	0	0	0.3333	94.9449	0.7963	1.0	0.9797	1.0	1.0	1.0	0.7236	0.7236	0.3049	0.8728	0.0	3.5745
1c064ec24fa15900	drivor_action_best_after	scored	87.674	0	87.67	1.0	off_drivable	223	off drivable for 0.5 s through frame 223	224	20	0.0	0	0	0	0	0.2	98.6507	0.794	1.0	0.9755	1.0	1.0	1.0	0.7892	0.6275	0.1961	0.8677	0.0	4.4101
1ceec301ab6552b1	drivor_action_best_before	scored	100.0	1	100.0	1.0	goal_reached	268	goal region entered	269	20	0.0	0	0	0	0	0.5	177.4268	0.7953	1.0	1.0	1.0	1.0	1.0	0.5582	0.6667	0.2851	1.0	0.0	6.5963
1ceec301ab6552b1	drivor_action_best_after	scored	100.0	1	100.0	1.0	goal_reached	284	goal region entered	285	20	0.0	0	0	0	0	0.4615	177.0821	0.7488	1.0	1.0	1.0	1.0	1.0	0.2755	0.6528	0.2642	1.0	0.0	6.2138
1d0334886e9f535b	drivor_action_best_before	scored	100.0	1	100.0	1.0	goal_reached	185	goal region entered	186	20	0.0	0	0	0	0	0.125	54.5388	0.837	1.0	1.0	1.0	1.0	1.0	0.7289	0.747	0.2771	1.0	0.0	2.9614
1d0334886e9f535b	drivor_action_best_after	scored	100.0	1	100.0	1.0	goal_reached	193	goal region entered	194	20	0.0	0	0	0	0	0.125	54.0391	0.8402	1.0	1.0	1.0	1.0	1.0	0.6954	0.7644	0.3161	1.0	0.0	2.8135
1dae5903323e5214	drivor_action_best_before	scored	100.0	1	100.0	1.0	goal_reached	332	goal region entered	333	20	0.0	0	0	0	0	0.4667	281.9592	0.7513	1.0	1.0	1.0	1.0	1.0	0.7029	0.7029	0.3866	1.0	0.0	8.5115
1dae5903323e5214	drivor_action_best_after	scored	100.0	1	100.0	1.0	goal_reached	342	goal region entered	343	20	0.0	0	0	0	0	0.5	282.0413	0.7454	1.0	1.0	1.0	1.0	1.0	0.5944	0.6997	0.4025	1.0	0.0	8.2657
1e9350ac2bc25f59	drivor_action_best_before	scored	100.0	1	100.0	1.0	goal_reached	188	goal region entered	189	8	0.0	0	0	0	0	0.1111	82.1162	0.8084	1.0	1.0	1.0	1.0	1.0	0.8564	0.7072	0.2818	1.0	0.0	4.3605
1e9350ac2bc25f59	drivor_action_best_after	scored	20.996	0	21.0	0.99963	off_drivable	88	off drivable for 0.5 s through frame 88	89	8	0.037	0	0	0	0	0.75	19.2874	0.744	1.0	0.9383	1.0	1.0	1.0	0.8642	0.8765	0.4568	0.1793	0.0	2.2006
2073f76964735ff7	drivor_action_best_before	scored	84.915	0	86.98	0.976282	off_drivable	358	off drivable for 0.5 s through frame 358	359	20	2.372	0	0	0	0	0.25	117.6814	0.6022	1.0	0.9853	1.0	1.0	0.9912	0.4867	0.6932	0.2625	0.8634	0.0	3.2819
2073f76964735ff7	drivor_action_best_after	scored	100.0	1	100.0	1.0	goal_reached	363	goal region entered	364	20	0.0	0	0	0	0	0.0588	132.6824	0.6553	1.0	1.0	1.0	1.0	0.9971	0.5058	0.689	0.2965	1.0	0.0	3.6489
20cc0fdb7e2d5c3f	drivor_action_best_before	scored	31.025	0	62.05	0.5	contact_at_fault	167	vru with bd69349498e35f50	168	8	0.0	0	1	0	0	0.375	91.434	0.7084	0.9938	1.0	1.0	1.0	0.9313	0.7063	0.6188	0.2938	0.6039	1.0	5.4763
20cc0fdb7e2d5c3f	drivor_action_best_after	scored	31.28	0	62.56	0.5	contact_at_fault	174	vru with bd69349498e35f50	175	8	0.0	0	1	0	0	0.5	91.7981	0.7406	0.994	1.0	1.0	1.0	0.9341	0.8503	0.6407	0.3234	0.6092	1.0	5.2781
20ec6765e35d5cd1	drivor_action_best_before	scored	100.0	1	100.0	1.0	goal_reached	253	goal region entered	254	20	0.0	0	0	0	0	0.0909	48.0256	0.7311	1.0	1.0	1.0	1.0	1.0	1.0	0.6581	0.2393	1.0	0.0	1.9024
20ec6765e35d5cd1	drivor_action_best_after	scored	100.0	1	100.0	1.0	goal_reached	239	goal region entered	240	20	0.0	0	0	0	0	0.0909	48.0366	0.7349	1.0	1.0	1.0	1.0	0.9773	1.0	0.6545	0.2409	1.0	0.0	2.0139
20fffc4aa17d5a12	drivor_action_best_before	scored	100.0	1	100.0	1.0	goal_reached	206	goal region entered	207	20	0.0	0	0	0	0	0.5556	160.7279	0.8463	1.0	1.0	1.0	1.0	1.0	0.738	0.7005	0.3636	1.0	0.0	7.8032
20fffc4aa17d5a12	drivor_action_best_after	scored	100.0	1	100.0	1.0	goal_reached	196	goal region entered	197	20	0.0	0	0	0	0	0.625	160.9916	0.8411	1.0	1.0	1.0	1.0	1.0	0.7006	0.6836	0.3446	1.0	0.0	8.2127
21b8742127e7523c	drivor_action_best_before	scored	100.0	1	100.0	1.0	goal_reached	211	goal region entered	212	20	0.0	0	0	0	0	0.5556	110.9895	0.7805	1.0	1.0	1.0	1.0	1.0	0.3646	0.7135	0.2083	1.0	0.0	5.2411
21b8742127e7523c	drivor_action_best_after	scored	100.0	1	100.0	1.0	goal_reached	218	goal region entered	219	20	0.0	0	0	0	0	0.1111	111.2376	0.8082	1.0	1.0	1.0	1.0	1.0	0.593	0.7085	0.2111	1.0	0.0	5.0849
225eb6e22af55972	drivor_action_best_before	scored	17.899	0	51.14	0.35	contact_at_fault	66	vru with navsafe_animal	67	8	0.0	0	1	0	1	0.5	15.8855	0.8294	0.9831	1.0	1.0	0.9831	0.9661	1.0	0.6271	0.2881	0.5108	1.0	2.3713
225eb6e22af55972	drivor_action_best_after	scored	17.443	0	49.84	0.35	contact_at_fault	62	vru with navsafe_animal	63	8	0.0	0	1	0	1	0.5	15.621	0.8125	0.9818	1.0	1.0	0.9818	0.9636	1.0	0.6	0.2182	0.4978	1.0	2.4799
227d62f5dfd95624	drivor_action_best_before	scored	25.128	0	27.81	0.903656	off_drivable	82	off drivable for 0.5 s through frame 82	83	20	9.634	0	0	0	0	0.0	39.8019	0.7127	1.0	0.9206	1.0	1.0	1.0	0.5873	0.6032	0.127	0.2604	0.0	4.7966
227d62f5dfd95624	drivor_action_best_after	scored	28.217	0	30.73	0.918197	off_drivable	85	off drivable for 0.5 s through frame 85	86	20	8.18	0	0	0	0	0.0	44.0606	0.7273	1.0	0.9242	1.0	1.0	1.0	0.5455	0.6212	0.1515	0.2902	0.0	5.1244
22f4f105eb64556e	drivor_action_best_before	scored	100.0	1	100.0	1.0	goal_reached	364	goal region entered	365	20	0.0	0	0	0	0	0.3529	166.2959	0.7847	1.0	1.0	1.0	1.0	1.0	0.9652	0.6986	0.2899	1.0	0.0	4.5873
22f4f105eb64556e	drivor_action_best_after	scored	100.0	1	100.0	1.0	goal_reached	347	goal region entered	348	20	0.0	0	0	0	0	0.125	166.545	0.7678	1.0	1.0	1.0	1.0	1.0	0.9451	0.6829	0.2165	1.0	0.0	4.8186
238f1cddb9415996	drivor_action_best_before	scored	100.0	1	100.0	1.0	goal_reached	213	goal region entered	214	20	0.0	0	0	0	0	0.1111	144.7065	0.8651	1.0	1.0	1.0	1.0	1.0	1.0	0.6804	0.2784	1.0	0.0	6.7988
238f1cddb9415996	drivor_action_best_after	scored	100.0	1	100.0	1.0	goal_reached	226	goal region entered	227	20	0.0	0	0	0	0	0.2	144.8498	0.8195	1.0	1.0	1.0	1.0	1.0	0.6957	0.6715	0.2899	1.0	0.0	6.4158
2391f12d7e6a5e7f	drivor_action_best_before	scored	14.738	0	14.74	1.0	off_drivable	193	evaluator ended the episode: off_drivable (post-hoc trace read as deadlock)	446	20	0.0	0	0	0	0	0.625	12.509	0.5536	1.0	0.9883	1.0	1.0	1.0	0.892	0.5352	0.054	0.117	0.0	0.2829
2391f12d7e6a5e7f	drivor_action_best_after	scored	14.343	0	14.34	1.0	off_drivable	148	evaluator ended the episode: off_drivable (post-hoc trace read as deadlock)	499	20	0.0	0	0	0	0	0.6667	12.5755	0.5443	1.0	0.9896	1.0	1.0	1.0	0.8706	0.524	0.0271	0.117	0.0	0.2541
23f0187033d658d9	drivor_action_best_before	scored	35.357	0	58.93	0.6	contact_at_fault	149	front with cb1362deaec55f2d	150	20	0.0	1	0	0	0	0.8333	46.9787	0.7914	0.9923	1.0	1.0	1.0	0.9692	0.6846	0.9	0.5077	0.5249	1.0	3.1668
23f0187033d658d9	drivor_action_best_after	scored	100.0	1	100.0	1.0	goal_reached	319	goal region entered	320	20	0.0	0	0	0	0	0.6667	79.0301	0.8004	1.0	1.0	1.0	1.0	1.0	0.68	0.88	0.48	1.0	0.0	2.486
2462c21ce2bb5f2d	drivor_action_best_before	scored	100.0	1	100.0	1.0	goal_reached	239	goal region entered	240	8	0.0	0	0	0	0	0.4545	132.6071	0.7575	1.0	1.0	1.0	1.0	1.0	0.9267	0.7414	0.2759	1.0	0.0	5.5585
2462c21ce2bb5f2d	drivor_action_best_after	scored	100.0	1	100.0	1.0	goal_reached	251	goal region entered	252	8	0.0	0	0	0	0	0.5	133.0175	0.7431	1.0	1.0	1.0	1.0	1.0	0.9016	0.7131	0.2705	1.0	0.0	5.3101
2575048779565f0b	drivor_action_best_before	scored	22.914	0	38.19	0.6	contact_at_fault	114	front with bd45b2f8df725efc	115	8	0.0	1	0	0	0	0.6	53.5722	0.6795	0.9907	1.0	1.0	1.0	0.8972	0.7757	0.6822	0.3645	0.3603	1.0	4.6946
2575048779565f0b	drivor_action_best_after	scored	22.914	0	38.19	0.6	contact_at_fault	107	front with bd45b2f8df725efc	108	8	0.0	1	0	0	0	0.4	53.6216	0.6789	0.99	1.0	1.0	1.0	0.89	0.79	0.64	0.31	0.3603	1.0	5.0035
25b5cecdb3b75e7c	drivor_action_best_before	scored	8.009	0	16.02	0.5	contact_at_fault	43	vru with navsafe_animal	44	8	0.0	0	1	0	0	0.0	18.5073	0.7986	0.9722	1.0	1.0	1.0	0.6944	1.0	0.7222	0.5278	0.1583	1.0	4.2122
25b5cecdb3b75e7c	drivor_action_best_after	scored	8.009	0	16.02	0.5	contact_at_fault	43	vru with navsafe_animal	44	8	0.0	0	1	0	0	0.0	18.3037	0.7986	0.9722	1.0	1.0	1.0	0.6944	1.0	0.75	0.5	0.1583	1.0	4.1659
26119d956d46590e	drivor_action_best_before	scored	42.405	0	42.41	1.0	contact_not_at_fault	61	rear_end with 275b0df243be5f44	62	20	0.0	0	0	0	0	0.0	28.6049	0.8258	1.0	1.0	1.0	1.0	0.881	1.0	0.6667	0.2381	0.3414	1.0	4.6749
26119d956d46590e	drivor_action_best_after	scored	100.0	1	100.0	1.0	goal_reached	113	goal region entered	114	20	0.0	0	0	0	0	0.0	67.1633	0.8564	1.0	1.0	1.0	1.0	1.0	0.9149	0.7128	0.2234	1.0	0.0	5.9248
262333f372975eef	drivor_action_best_before	scored	100.0	1	100.0	1.0	goal_reached	202	goal region entered	203	20	0.0	0	0	0	0	0.2222	148.7409	0.7866	1.0	1.0	1.0	1.0	1.0	0.3443	0.6667	0.2842	1.0	0.0	7.3378
262333f372975eef	drivor_action_best_after	scored	100.0	1	100.0	1.0	goal_reached	212	goal region entered	213	20	0.0	0	0	0	0	0.4444	148.9524	0.7821	1.0	1.0	1.0	1.0	1.0	0.3368	0.6995	0.2746	1.0	0.0	7.0033
26f4d8d4d72a588e	drivor_action_best_before	scored	96.353	0	98.61	0.977095	off_drivable	270	off drivable for 0.5 s through frame 270	271	20	2.29	0	0	0	0	0.25	212.4004	0.8095	1.0	0.9801	1.0	1.0	1.0	1.0	0.7291	0.2749	0.9791	0.0	7.8776
26f4d8d4d72a588e	drivor_action_best_after	scored	100.0	1	100.0	1.0	goal_reached	248	goal region entered	249	20	0.0	0	0	0	0	0.4545	212.9254	0.8411	1.0	1.0	1.0	1.0	1.0	1.0	0.7511	0.3319	1.0	0.0	8.5947
273f424fa2fc55ad	drivor_action_best_before	scored	100.0	1	100.0	1.0	goal_reached	360	goal region entered	361	20	0.0	0	0	0	0	0.8235	95.6822	0.7615	1.0	1.0	1.0	1.0	1.0	0.5836	0.8798	0.5044	1.0	0.0	2.6722
273f424fa2fc55ad	drivor_action_best_after	scored	100.0	1	100.0	1.0	goal_reached	354	goal region entered	355	20	0.0	0	0	0	0	0.8125	95.5879	0.7683	1.0	1.0	1.0	1.0	1.0	0.5612	0.8866	0.5433	1.0	0.0	2.7147
2845a5483a0f57de	drivor_action_best_before	scored	100.0	1	100.0	1.0	goal_reached	554	goal region entered	555	20	0.0	0	0	0	0	0.3462	186.5717	0.7264	1.0	1.0	1.0	1.0	1.0	0.6112	0.7477	0.3308	1.0	0.0	3.3781
2845a5483a0f57de	drivor_action_best_after	scored	100.0	1	100.0	1.0	goal_reached	555	goal region entered	556	20	0.0	0	0	0	0	0.3462	186.5876	0.7513	1.0	1.0	1.0	1.0	1.0	0.8321	0.7239	0.3228	1.0	0.0	3.3723
28a4a08f11a05407	drivor_action_best_before	scored	33.667	0	36.61	0.919551	off_drivable	117	off drivable for 0.5 s through frame 117	118	20	8.045	0	0	0	0	0.75	32.891	0.793	1.0	0.949	1.0	1.0	1.0	1.0	0.7653	0.3163	0.3479	0.0	2.7951
28a4a08f11a05407	drivor_action_best_after	scored	31.774	0	32.95	0.964191	off_drivable	166	off drivable for 0.5 s through frame 166	167	20	3.581	0	0	0	0	0.2857	29.542	0.7229	1.0	0.966	1.0	1.0	1.0	0.9184	0.6599	0.2653	0.3103	0.0	1.7744
2ad17379a25d55d9	drivor_action_best_before	scored	100.0	1	100.0	1.0	goal_reached	233	goal region entered	234	20	0.0	0	0	0	0	0.2	82.5926	0.825	1.0	1.0	1.0	1.0	1.0	0.7804	0.7383	0.3037	1.0	0.0	3.5598
2ad17379a25d55d9	drivor_action_best_after	scored	100.0	1	100.0	1.0	goal_reached	177	goal region entered	178	20	0.0	0	0	0	0	0.2857	80.5657	0.8102	1.0	1.0	1.0	1.0	1.0	0.5886	0.7595	0.2785	1.0	0.0	4.5658
2b7bf25209dd5705	drivor_action_best_before	scored	25.787	0	42.98	0.6	contact_at_fault	92	front with 7f7b2709b26c52b8	93	20	0.0	1	0	0	0	1.0	34.9285	0.7166	0.9863	1.0	1.0	1.0	0.8219	0.8904	0.7397	0.3014	0.403	1.0	3.7585
2b7bf25209dd5705	drivor_action_best_after	scored	29.013	0	48.36	0.6	contact_at_fault	97	front with 4ca70370e742554f	98	20	0.0	1	0	0	0	1.0	39.7689	0.7053	0.9872	1.0	1.0	1.0	0.7949	0.8205	0.7308	0.3077	0.459	1.0	4.0606
2bd04a0902095129	drivor_action_best_before	scored	54.79	0	57.8	0.947983	off_drivable	163	off drivable for 0.5 s through frame 163	164	20	5.202	0	0	0	0	0.4286	80.4466	0.7204	1.0	0.9653	1.0	1.0	1.0	0.6875	0.6875	0.3264	0.5346	0.0	4.9417
2bd04a0902095129	drivor_action_best_after	scored	46.542	0	48.89	0.951889	off_drivable	142	off drivable for 0.5 s through frame 142	143	20	4.811	0	0	0	0	0.3333	67.226	0.731	1.0	0.9593	1.0	1.0	1.0	0.7967	0.6667	0.2683	0.4374	0.0	4.7429
2c337eb368fb54ca	drivor_action_best_before	scored	15.918	0	20.08	0.792872	off_drivable	45	off drivable for 0.5 s through frame 45	46	20	20.713	0	0	0	0	1.0	18.9793	0.7009	1.0	0.8077	1.0	1.0	1.0	1.0	0.6538	0.2692	0.1206	0.0	4.2176
2c337eb368fb54ca	drivor_action_best_after	scored	15.904	0	20.08	0.79213	off_drivable	45	off drivable for 0.5 s through frame 45	46	20	20.787	0	0	0	0	1.0	19.0421	0.701	1.0	0.8077	1.0	1.0	1.0	1.0	0.6538	0.2692	0.1206	0.0	4.2312
2ccebcdb0da25be5	drivor_action_best_before	scored	100.0	1	100.0	1.0	goal_reached	194	goal region entered	195	20	0.0	0	0	0	0	0.0	87.0754	0.7856	1.0	1.0	1.0	1.0	1.0	0.6171	0.6743	0.2286	1.0	0.0	4.4659
2ccebcdb0da25be5	drivor_action_best_after	scored	100.0	1	100.0	1.0	goal_reached	183	goal region entered	184	20	0.0	0	0	0	0	0.25	87.0176	0.7865	1.0	1.0	1.0	1.0	1.0	0.6524	0.6707	0.2195	1.0	0.0	4.7297
2d24100bcb1e57e2	drivor_action_best_before	scored	100.0	1	100.0	1.0	goal_reached	213	goal region entered	214	20	0.0	0	0	0	0	0.3333	113.2643	0.851	1.0	1.0	1.0	1.0	1.0	0.8814	0.6443	0.2938	1.0	0.0	5.2927
2d24100bcb1e57e2	drivor_action_best_after	scored	100.0	1	100.0	1.0	goal_reached	217	goal region entered	218	20	0.0	0	0	0	0	0.4444	112.9577	0.8263	1.0	1.0	1.0	1.0	1.0	0.6667	0.6616	0.3182	1.0	0.0	5.1816
2eb015a011ac5fa2	drivor_action_best_before	scored	100.0	1	100.0	1.0	goal_reached	153	goal region entered	154	20	0.0	0	0	0	0	0.1667	49.7343	0.7826	1.0	1.0	1.0	1.0	1.0	0.7015	0.7761	0.306	1.0	0.0	3.2318
2eb015a011ac5fa2	drivor_action_best_after	scored	100.0	1	100.0	1.0	goal_reached	179	goal region entered	180	20	0.0	0	0	0	0	0.0	50.4042	0.7516	1.0	1.0	1.0	1.0	1.0	0.75	0.75	0.3312	1.0	0.0	2.8022
2ee44628526e524c	drivor_action_best_before	scored	5.269	0	10.54	0.5	contact_at_fault	49	vru with navsafe_animal	50	8	0.0	0	1	0	0	0.0	15.7964	0.7842	0.9762	1.0	1.0	1.0	0.7619	1.0	0.7143	0.2619	0.0956	1.0	3.2096
2ee44628526e524c	drivor_action_best_after	scored	5.416	0	10.83	0.5	contact_at_fault	48	vru with navsafe_animal	49	8	0.0	0	1	0	0	0.5	16.2621	0.7698	0.9756	1.0	1.0	1.0	0.7561	1.0	0.6341	0.2195	0.0986	1.0	3.3701
2fa724c29a215bc4	drivor_action_best_before	scored	49.116	0	81.86	0.6	contact_at_fault	209	front with 24891436285850b3	210	20	0.0	1	0	0	0	0.8889	214.466	0.8083	0.9947	1.0	1.0	1.0	0.9263	0.6842	0.8632	0.6053	0.7918	1.0	10.2789
2fa724c29a215bc4	drivor_action_best_after	scored	49.116	0	81.86	0.6	contact_at_fault	207	front with 24891436285850b3	208	20	0.0	1	0	0	0	0.8889	214.1998	0.8152	0.9947	1.0	1.0	1.0	0.9255	0.6915	0.8777	0.6383	0.7918	1.0	10.365
3067f3d3d5a75989	drivor_action_best_before	scored	100.0	1	100.0	1.0	goal_reached	297	goal region entered	298	20	0.0	0	0	0	0	0.2308	95.283	0.8145	1.0	1.0	1.0	1.0	1.0	0.9928	0.7302	0.2806	1.0	0.0	3.2103
3067f3d3d5a75989	drivor_action_best_after	scored	100.0	1	100.0	1.0	goal_reached	242	goal region entered	243	20	0.0	0	0	0	0	0.2727	95.7642	0.7433	1.0	1.0	1.0	1.0	1.0	0.296	0.713	0.287	1.0	0.0	3.9567
3151813685fe5b1d	drivor_action_best_before	scored	100.0	1	100.0	1.0	goal_reached	365	goal region entered	366	20	0.0	0	0	0	0	0.0588	192.0065	0.6887	1.0	1.0	1.0	1.0	1.0	0.289	0.6358	0.3035	1.0	0.0	5.2758
3151813685fe5b1d	drivor_action_best_after	scored	100.0	1	100.0	1.0	goal_reached	366	goal region entered	367	20	0.0	0	0	0	0	0.0588	192.2956	0.6845	1.0	1.0	1.0	1.0	1.0	0.2997	0.6369	0.2709	1.0	0.0	5.2693
3239cd8874425d73	drivor_action_best_before	scored	100.0	1	100.0	1.0	goal_reached	313	goal region entered	314	20	0.0	0	0	0	0	0.2143	171.5047	0.7816	1.0	1.0	1.0	1.0	1.0	1.0	0.5952	0.2585	1.0	0.0	5.47
3239cd8874425d73	drivor_action_best_after	scored	100.0	1	100.0	1.0	goal_reached	322	goal region entered	323	20	0.0	0	0	0	0	0.2	171.4664	0.7852	1.0	1.0	1.0	1.0	1.0	1.0	0.5941	0.231	1.0	0.0	5.3164
32d85d373126537e	drivor_action_best_before	scored	14.267	0	33.97	0.42	contact_at_fault	85	front with 24b04352f230540d	86	20	0.0	1	0	0	1	0.0	16.154	0.804	0.9848	1.0	1.0	0.9848	0.8485	1.0	0.6212	0.3333	0.337	1.0	1.8784
32d85d373126537e	drivor_action_best_after	scored	15.148	0	36.07	0.42	contact_at_fault	84	front with 24b04352f230540d	85	20	0.0	1	0	0	1	0.0	17.271	0.7962	0.9846	1.0	1.0	0.9846	0.8308	1.0	0.6615	0.3077	0.358	1.0	2.0319
342f42c4b2855ffb	drivor_action_best_before	scored	90.274	0	96.07	0.939681	off_drivable	111	off drivable for 0.5 s through frame 111	112	20	6.032	0	0	0	0	0.5	73.5446	0.8043	1.0	0.9457	1.0	1.0	1.0	0.9783	0.6848	0.1848	0.9509	0.0	6.6031
342f42c4b2855ffb	drivor_action_best_after	scored	90.625	0	96.63	0.937856	off_drivable	112	off drivable for 0.5 s through frame 112	113	20	6.214	0	0	0	0	0.5	73.9005	0.793	1.0	0.9462	1.0	1.0	1.0	0.9785	0.5914	0.172	0.9572	0.0	6.5762
34489cf42e005e93	drivor_action_best_before	scored	4.566	0	9.13	0.5	contact_at_fault	43	vru with navsafe_robot_2	44	8	0.0	0	1	0	0	0.0	8.2358	0.7229	0.9722	1.0	1.0	1.0	0.8333	1.0	0.6944	0.2778	0.0746	1.0	1.8953
34489cf42e005e93	drivor_action_best_after	scored	3.842	0	7.68	0.5	contact_at_fault	26	vru with navsafe_robot_2	27	8	0.0	0	1	0	0	0.0	6.4803	0.739	0.9474	1.0	1.0	1.0	0.6842	1.0	0.7895	0.4211	0.0599	1.0	2.4384
34ac200e359653b5	drivor_action_best_before	scored	100.0	1	100.0	1.0	goal_reached	280	goal region entered	281	8	0.0	0	0	0	0	0.1538	125.5708	0.7503	1.0	1.0	1.0	1.0	1.0	0.2564	0.7033	0.2821	1.0	0.0	4.4774
34ac200e359653b5	drivor_action_best_after	scored	100.0	1	100.0	1.0	goal_reached	249	goal region entered	250	8	0.0	0	0	0	0	0.0833	125.3577	0.7349	1.0	1.0	1.0	1.0	1.0	0.1901	0.6488	0.2107	1.0	0.0	5.0241
35cf51dd13d559c0	drivor_action_best_before	scored	9.495	0	15.82	0.6	contact_at_fault	60	front with 2b20ded641b65caa	61	20	0.0	1	0	0	0	0.0	34.1989	0.7532	0.9756	1.0	1.0	1.0	0.8537	0.7805	0.5854	0.1463	0.1249	1.0	5.6333
35cf51dd13d559c0	drivor_action_best_after	scored	21.202	0	23.29	0.910421	off_drivable	87	off drivable for 0.5 s through frame 87	88	20	8.958	0	0	0	0	0.3333	51.8612	0.7542	1.0	0.9265	1.0	1.0	1.0	1.0	0.6471	0.1912	0.2023	0.0	5.912
36517f1223735d6a	drivor_action_best_before	scored	22.195	0	22.19	1.0	contact_not_at_fault	115	rear_end with 0810d1309b185980	116	20	0.0	0	0	0	0	0.0	30.0059	0.6972	1.0	1.0	1.0	1.0	1.0	1.0	0.6771	0.3854	0.1808	1.0	2.6045
36517f1223735d6a	drivor_action_best_after	scored	22.195	0	22.19	1.0	contact_not_at_fault	115	rear_end with 0810d1309b185980	116	20	0.0	0	0	0	0	0.0	29.8777	0.6971	1.0	1.0	1.0	1.0	1.0	1.0	0.6354	0.4375	0.1808	1.0	2.5934
3838eb184c9d5989	drivor_action_best_before	scored	26.083	0	26.41	0.987678	off_drivable	86	off drivable for 0.5 s through frame 86	87	20	1.232	0	0	0	0	0.3333	16.2112	0.785	1.0	0.9254	1.0	1.0	1.0	0.9552	0.6269	0.209	0.2578	0.0	1.8727
3838eb184c9d5989	drivor_action_best_after	scored	20.722	0	21.19	0.978061	off_drivable	79	off drivable for 0.5 s through frame 79	80	20	2.194	0	0	0	0	0.6667	13.342	0.7949	1.0	0.9167	1.0	1.0	1.0	1.0	0.7333	0.3	0.2052	0.0	1.6779
3862c9ed94ab5f90	drivor_action_best_before	scored	100.0	1	100.0	1.0	goal_reached	289	goal region entered	290	20	0.0	0	0	0	0	0.0769	147.8245	0.7491	1.0	1.0	1.0	1.0	1.0	0.4667	0.5926	0.2519	1.0	0.0	5.1078
3862c9ed94ab5f90	drivor_action_best_after	scored	100.0	1	100.0	1.0	goal_reached	271	goal region entered	272	20	0.0	0	0	0	0	0.1667	147.9406	0.7489	1.0	1.0	1.0	1.0	1.0	0.4563	0.5992	0.2421	1.0	0.0	5.4501
398326681cd7500a	drivor_action_best_before	scored	100.0	1	100.0	1.0	goal_reached	279	goal region entered	280	20	0.0	0	0	0	0	0.2308	180.9117	0.7659	1.0	1.0	1.0	1.0	1.0	0.5538	0.6577	0.2462	1.0	0.0	6.4881
398326681cd7500a	drivor_action_best_after	scored	100.0	1	100.0	1.0	goal_reached	259	goal region entered	260	20	0.0	0	0	0	0	0.25	180.7329	0.7744	1.0	1.0	1.0	1.0	1.0	0.5625	0.6542	0.2875	1.0	0.0	6.9803
39a1ca97dca75beb	drivor_action_best_before	scored	62.536	0	64.33	0.972107	off_drivable	183	off drivable for 0.5 s through frame 183	184	20	2.789	0	0	0	0	0.0	110.858	0.6978	1.0	0.9695	1.0	1.0	0.9939	1.0	0.6646	0.2378	0.5814	0.0	6.0902
39a1ca97dca75beb	drivor_action_best_after	scored	61.959	0	63.83	0.970735	off_drivable	186	off drivable for 0.5 s through frame 186	187	20	2.927	0	0	0	0	0.0	109.944	0.6973	1.0	0.9701	1.0	1.0	1.0	1.0	0.6587	0.2395	0.5756	0.0	5.9437
39d1f561e06054c5	drivor_action_best_before	scored	100.0	1	100.0	1.0	goal_reached	294	goal region entered	295	20	0.0	0	0	0	0	0.4615	104.2601	0.8034	1.0	1.0	1.0	1.0	1.0	0.8	0.6982	0.2982	1.0	0.0	3.5354
39d1f561e06054c5	drivor_action_best_after	scored	100.0	1	100.0	1.0	goal_reached	297	goal region entered	298	20	0.0	0	0	0	0	0.4615	104.5913	0.7839	1.0	1.0	1.0	1.0	1.0	0.6799	0.6978	0.2806	1.0	0.0	3.5109
3a0e2f53c9585e94	drivor_action_best_before	scored	28.96	0	31.48	0.919857	off_drivable	111	off drivable for 0.5 s through frame 111	112	20	8.014	0	0	0	0	0.75	59.2323	0.7171	1.0	0.9457	1.0	1.0	1.0	0.9457	0.5978	0.1196	0.2819	0.0	5.3075
3a0e2f53c9585e94	drivor_action_best_after	scored	100.0	1	100.0	1.0	goal_reached	298	goal region entered	299	20	0.0	0	0	0	0	0.0769	186.4969	0.7591	1.0	1.0	1.0	1.0	1.0	0.7742	0.6846	0.2581	1.0	0.0	6.2444
3a5278b27c87565f	drivor_action_best_before	scored	100.0	1	100.0	1.0	goal_reached	278	goal region entered	279	20	0.0	0	0	0	0	0.0833	108.3166	0.7853	1.0	1.0	1.0	1.0	1.0	0.834	0.6525	0.3514	1.0	0.0	3.8823
3a5278b27c87565f	drivor_action_best_after	scored	100.0	1	100.0	1.0	goal_reached	268	goal region entered	269	20	0.0	0	0	0	0	0.0	107.7076	0.7716	1.0	1.0	1.0	1.0	1.0	0.7068	0.6586	0.3614	1.0	0.0	4.004
3a6525cd871a5fff	drivor_action_best_before	scored	100.0	1	100.0	1.0	goal_reached	342	goal region entered	343	20	0.0	0	0	0	0	0.375	165.6424	0.6703	1.0	1.0	1.0	1.0	1.0	0.1827	0.6966	0.2291	1.0	0.0	4.8609
3a6525cd871a5fff	drivor_action_best_after	scored	100.0	1	100.0	1.0	goal_reached	347	goal region entered	348	20	0.0	0	0	0	0	0.3125	165.5146	0.65	1.0	1.0	1.0	1.0	1.0	0.1463	0.6799	0.2195	1.0	0.0	4.7874
3af3b3a7a8635164	drivor_action_best_before	scored	53.362	0	55.73	0.957517	off_drivable	187	off drivable for 0.5 s through frame 187	188	20	4.248	0	0	0	0	0.375	104.41	0.7726	1.0	0.9702	1.0	1.0	1.0	0.9405	0.7202	0.3036	0.5537	0.0	5.5546
3af3b3a7a8635164	drivor_action_best_after	scored	100.0	1	100.0	1.0	goal_reached	287	goal region entered	288	20	0.0	0	0	0	0	0.4615	180.0949	0.7741	1.0	1.0	1.0	1.0	1.0	0.6045	0.7463	0.3582	1.0	0.0	6.2539
3b910accfc12560a	drivor_action_best_before	scored	100.0	1	100.0	1.0	goal_reached	133	goal region entered	134	20	0.0	0	0	0	0	0.0	58.8512	0.7588	1.0	1.0	1.0	1.0	1.0	0.2982	0.6404	0.1316	1.0	0.0	4.4062
3b910accfc12560a	drivor_action_best_after	scored	100.0	1	100.0	1.0	goal_reached	130	goal region entered	131	20	0.0	0	0	0	0	0.2	58.619	0.7624	1.0	1.0	1.0	1.0	1.0	0.2703	0.6577	0.1712	1.0	0.0	4.4894
3d324bda0cec57ab	drivor_action_best_before	scored	100.0	1	100.0	1.0	goal_reached	222	goal region entered	223	20	0.0	0	0	0	0	0.0	100.6253	0.7467	1.0	1.0	1.0	1.0	1.0	0.5517	0.6798	0.2956	1.0	0.0	4.5386
3d324bda0cec57ab	drivor_action_best_after	scored	100.0	1	100.0	1.0	goal_reached	232	goal region entered	233	20	0.0	0	0	0	0	0.0	100.5132	0.7443	1.0	1.0	1.0	1.0	0.9906	0.6009	0.6432	0.2864	1.0	0.0	4.339
3d3804a50285560e	drivor_action_best_before	scored	100.0	1	100.0	1.0	goal_reached	361	goal region entered	362	20	0.0	0	0	0	0	0.1176	215.237	0.6559	1.0	1.0	1.0	1.0	1.0	0.2807	0.6257	0.2339	1.0	0.0	5.978
3d3804a50285560e	drivor_action_best_after	scored	100.0	1	100.0	1.0	goal_reached	334	goal region entered	335	20	0.0	0	0	0	0	0.0667	215.4619	0.6553	1.0	1.0	1.0	1.0	1.0	0.2984	0.6095	0.2603	1.0	0.0	6.4665
4211afd0df14524c	drivor_action_best_before	scored	100.0	1	100.0	1.0	goal_reached	220	goal region entered	221	20	0.0	0	0	0	0	0.4	137.6485	0.8236	1.0	1.0	1.0	1.0	1.0	0.592	0.6716	0.3831	1.0	0.0	6.2284
4211afd0df14524c	drivor_action_best_after	scored	100.0	1	100.0	1.0	goal_reached	221	goal region entered	222	20	0.0	0	0	0	0	0.4	137.7722	0.807	1.0	1.0	1.0	1.0	1.0	0.4752	0.6881	0.3663	1.0	0.0	6.206
42a20478abeb54d5	drivor_action_best_before	scored	36.26	0	38.03	0.953329	off_drivable	102	off drivable for 0.5 s through frame 102	103	20	4.667	0	0	0	0	0.0	51.6026	0.6124	1.0	0.9398	1.0	1.0	1.0	0.6386	0.5422	0.2289	0.3047	0.0	5.0757
42a20478abeb54d5	drivor_action_best_after	scored	27.571	0	30.33	0.909014	off_drivable	83	off drivable for 0.5 s through frame 83	84	20	9.099	0	0	0	0	0.0	40.6198	0.5944	1.0	0.9219	1.0	1.0	1.0	0.625	0.5625	0.1562	0.2189	0.0	4.9163
42af8e33480d53b3	drivor_action_best_before	scored	9.867	0	12.61	0.782499	off_drivable	39	off drivable for 0.5 s through frame 39	40	20	21.75	0	0	0	0	0.0	22.477	0.6438	1.0	0.75	1.0	1.0	1.0	1.0	0.55	0.2	0.0759	0.0	5.7008
42af8e33480d53b3	drivor_action_best_after	scored	9.841	0	12.61	0.780496	off_drivable	39	off drivable for 0.5 s through frame 39	40	20	21.95	0	0	0	0	0.0	22.4926	0.6438	1.0	0.75	1.0	1.0	1.0	1.0	0.55	0.2	0.0759	0.0	5.7047
440a60430f4655de	drivor_action_best_before	scored	15.838	0	15.84	1.0	contact_not_at_fault	48	vru with 3699718927a85133	49	20	0.0	0	0	0	0	0.0	30.4239	0.7363	1.0	1.0	1.0	1.0	0.8621	1.0	0.6552	0.1724	0.0868	1.0	6.3347
440a60430f4655de	drivor_action_best_after	scored	15.838	0	15.84	1.0	contact_not_at_fault	49	vru with 3699718927a85133	50	20	0.0	0	0	0	0	0.0	31.2911	0.7474	1.0	1.0	1.0	1.0	0.9	1.0	0.6667	0.1667	0.0868	1.0	6.3814
442b2cf63c6f570a	drivor_action_best_before	scored	100.0	1	100.0	1.0	goal_reached	212	goal region entered	213	20	0.0	0	0	0	0	0.0	110.3692	0.7462	1.0	1.0	1.0	1.0	1.0	0.2798	0.6425	0.2124	1.0	0.0	5.202
442b2cf63c6f570a	drivor_action_best_after	scored	57.382	0	59.36	0.966606	off_drivable	143	off drivable for 0.5 s through frame 143	144	20	3.339	0	0	0	0	0.0	67.1368	0.7101	1.0	0.9597	1.0	1.0	1.0	0.4597	0.629	0.25	0.557	0.0	4.6923
4528c271d89c53e1	drivor_action_best_before	scored	100.0	1	100.0	1.0	goal_reached	267	goal region entered after a lane change at frame 186	268	20	0.0	0	0	0	0	0.1667	88.8889	0.6644	1.0	1.0	1.0	1.0	1.0	0.25	0.6976	0.1855	1.0	0.0	3.3387
4528c271d89c53e1	drivor_action_best_after	scored	100.0	1	100.0	1.0	goal_reached	267	goal region entered after a lane change at frame 171	268	20	0.0	0	0	0	0	0.4167	88.8783	0.6841	1.0	1.0	1.0	1.0	1.0	0.3669	0.7298	0.2137	1.0	0.0	3.3384
467879c3d37054f5	drivor_action_best_before	scored	100.0	1	100.0	1.0	goal_reached	210	goal region entered	211	20	0.0	0	0	0	0	0.2222	175.1027	0.8498	1.0	1.0	1.0	1.0	1.0	0.7225	0.7592	0.3613	1.0	0.0	8.3318
467879c3d37054f5	drivor_action_best_after	scored	100.0	1	100.0	1.0	goal_reached	216	goal region entered	217	20	0.0	0	0	0	0	0.2222	175.1065	0.8426	1.0	1.0	1.0	1.0	1.0	0.7563	0.7208	0.3299	1.0	0.0	8.1016
4874da28248a5026	drivor_action_best_before	scored	100.0	1	100.0	1.0	goal_reached	264	goal region entered	265	20	0.0	0	0	0	0	0.0	134.9926	0.7396	1.0	1.0	1.0	1.0	1.0	0.4612	0.6122	0.2857	1.0	0.0	5.0941
4874da28248a5026	drivor_action_best_after	scored	100.0	1	100.0	1.0	goal_reached	250	goal region entered	251	20	0.0	0	0	0	0	0.2727	134.5531	0.7404	1.0	1.0	1.0	1.0	1.0	0.5022	0.5758	0.2554	1.0	0.0	5.3607
48f603e3b4335b74	drivor_action_best_before	scored	100.0	1	100.0	1.0	goal_reached	154	goal region entered	155	20	0.0	0	0	0	0	0.3333	58.2677	0.8333	1.0	1.0	1.0	1.0	1.0	0.7111	0.7333	0.2222	1.0	0.0	3.7713
48f603e3b4335b74	drivor_action_best_after	scored	100.0	1	100.0	1.0	goal_reached	142	goal region entered	143	20	0.0	0	0	0	0	0.3333	57.8711	0.843	1.0	1.0	1.0	1.0	0.9919	0.6992	0.748	0.3171	1.0	0.0	4.06
49a0d29c7058501c	drivor_action_best_before	scored	4.661	0	4.66	1.0	contact_not_at_fault	19	rear_end with navsafe_mainline_vehicle	20	8	0.0	0	0	0	0	0.0	5.3657	0.7812	1.0	1.0	1.0	1.0	0.5	1.0	0.9167	0.5833	0.0293	1.0	2.7718
49a0d29c7058501c	drivor_action_best_after	scored	4.661	0	4.66	1.0	contact_not_at_fault	19	rear_end with navsafe_mainline_vehicle	20	8	0.0	0	0	0	0	0.0	5.3669	0.7812	1.0	1.0	1.0	1.0	0.5	1.0	0.9167	0.5833	0.0293	1.0	2.7724
4bb2fc18f5ee5dcb	drivor_action_best_before	scored	100.0	1	100.0	1.0	goal_reached	264	goal region entered	265	20	0.0	0	0	0	0	0.1667	116.4978	0.7554	1.0	1.0	1.0	1.0	1.0	0.4776	0.6735	0.2082	1.0	0.0	4.3992
4bb2fc18f5ee5dcb	drivor_action_best_after	scored	100.0	1	100.0	1.0	goal_reached	266	goal region entered	267	20	0.0	0	0	0	0	0.0833	116.7376	0.7495	1.0	1.0	1.0	1.0	1.0	0.3684	0.7126	0.2308	1.0	0.0	4.3752
4c23b72459a55ad0	drivor_action_best_before	scored	100.0	1	100.0	1.0	goal_reached	223	goal region entered	224	20	0.0	0	0	0	0	0.5	77.8867	0.7473	1.0	1.0	1.0	1.0	1.0	0.2304	0.8137	0.3971	1.0	0.0	3.4936
4c23b72459a55ad0	drivor_action_best_after	scored	100.0	1	100.0	1.0	goal_reached	214	goal region entered	215	20	0.0	0	0	0	0	0.2222	78.3624	0.8225	1.0	1.0	1.0	1.0	1.0	0.7949	0.7795	0.3179	1.0	0.0	3.662
4d6456183bd056bc	drivor_action_best_before	scored	100.0	1	100.0	1.0	goal_reached	177	goal region entered	178	20	0.0	0	0	0	0	0.2857	93.3393	0.8582	1.0	1.0	1.0	1.0	1.0	1.0	0.5949	0.2911	1.0	0.0	5.2564
4d6456183bd056bc	drivor_action_best_after	scored	100.0	1	100.0	1.0	goal_reached	187	goal region entered	188	20	0.0	0	0	0	0	0.375	92.9777	0.846	1.0	1.0	1.0	1.0	1.0	0.881	0.6726	0.3036	1.0	0.0	4.9576
4ee177f621f259da	drivor_action_best_before	scored	96.717	0	96.94	0.997719	off_drivable	455	off drivable for 0.5 s through frame 455	456	20	0.228	0	0	0	0	0.381	184.6456	0.6846	1.0	0.9885	1.0	1.0	1.0	0.2523	0.7569	0.3188	0.9603	0.0	4.071
4ee177f621f259da	drivor_action_best_after	scored	100.0	1	100.0	1.0	goal_reached	471	goal region entered	472	20	0.0	0	0	0	0	0.2727	188.5019	0.691	1.0	1.0	1.0	1.0	1.0	0.219	0.7345	0.3119	1.0	0.0	4.0147
4fff5f5a86be53d5	drivor_action_best_before	scored	10.418	0	11.85	0.879133	off_drivable	39	off drivable for 0.5 s through frame 39	40	8	12.087	0	0	0	0	0.0	22.1666	0.7015	1.0	0.8438	1.0	1.0	1.0	1.0	0.625	0.2188	0.0948	0.0	5.6563
4fff5f5a86be53d5	drivor_action_best_after	scored	10.393	0	11.85	0.877046	off_drivable	39	off drivable for 0.5 s through frame 39	40	8	12.295	0	0	0	0	0.0	22.2939	0.7015	1.0	0.8438	1.0	1.0	1.0	1.0	0.625	0.2188	0.0948	0.0	5.6882
51ce5f94f83f576f	drivor_action_best_before	scored	100.0	1	100.0	1.0	goal_reached	273	goal region entered	274	20	0.0	0	0	0	0	0.4167	102.2418	0.7846	1.0	1.0	1.0	1.0	1.0	0.6732	0.7402	0.311	1.0	0.0	3.7374
51ce5f94f83f576f	drivor_action_best_after	scored	100.0	1	100.0	1.0	goal_reached	249	goal region entered	250	20	0.0	0	0	0	0	0.5455	101.2629	0.8005	1.0	1.0	1.0	1.0	1.0	0.7913	0.787	0.3565	1.0	0.0	4.057
53571ab149005b43	drivor_action_best_before	scored	100.0	1	100.0	1.0	goal_reached	432	goal region entered	433	20	0.0	0	0	0	0	0.2	223.8451	0.6406	1.0	1.0	1.0	1.0	0.9734	0.1792	0.6465	0.2276	1.0	0.0	5.2033
53571ab149005b43	drivor_action_best_after	scored	100.0	1	100.0	1.0	goal_reached	451	goal region entered	452	20	0.0	0	0	0	0	0.0476	223.9173	0.6375	1.0	1.0	1.0	1.0	0.9722	0.1736	0.6412	0.2222	1.0	0.0	4.9862
53f49b4480de528c	drivor_action_best_before	scored	100.0	1	100.0	1.0	goal_reached	324	goal region entered	325	20	0.0	0	0	0	0	0.4667	192.7995	0.773	1.0	1.0	1.0	1.0	1.0	0.7574	0.6984	0.3246	1.0	0.0	5.9334
53f49b4480de528c	drivor_action_best_after	scored	100.0	1	100.0	1.0	goal_reached	311	goal region entered	312	20	0.0	0	0	0	0	0.2857	192.5661	0.8	1.0	1.0	1.0	1.0	1.0	0.9212	0.7226	0.3425	1.0	0.0	6.1732
54ae4b189e79541b	drivor_action_best_before	scored	8.003	0	13.34	0.6	contact_at_fault	48	front with navsafe_oncoming_vehicle	49	8	0.0	1	0	0	0	0.0	16.065	0.7333	0.9756	1.0	1.0	1.0	0.7317	1.0	0.7317	0.1951	0.102	1.0	3.3973
54ae4b189e79541b	drivor_action_best_after	scored	8.003	0	13.34	0.6	contact_at_fault	49	front with navsafe_oncoming_vehicle	50	8	0.0	1	0	0	0	0.0	15.851	0.7111	0.9762	1.0	1.0	1.0	0.7143	1.0	0.7143	0.1429	0.102	1.0	3.2866
56c64f7e47b15e0d	drivor_action_best_before	scored	73.067	0	73.63	0.992398	off_drivable	268	off drivable for 0.5 s through frame 268	269	20	0.76	0	0	0	0	0.3333	75.3596	0.8023	1.0	0.9799	1.0	1.0	1.0	0.8916	0.759	0.3133	0.7267	0.0	2.8101
56c64f7e47b15e0d	drivor_action_best_after	scored	80.978	0	81.85	0.989308	off_drivable	223	off drivable for 0.5 s through frame 223	224	20	1.069	0	0	0	0	0.1	71.7511	0.7961	1.0	0.9706	1.0	1.0	1.0	0.951	0.6961	0.2304	0.8115	0.0	3.2136
58d69daf413c5d5a	drivor_action_best_before	scored	24.584	0	40.97	0.6	contact_at_fault	58	front with 96f4221cfece50b8	59	20	0.0	1	0	0	0	1.0	18.4271	0.7457	0.9744	1.0	1.0	1.0	0.7179	1.0	0.7692	0.2564	0.3023	1.0	3.1928
58d69daf413c5d5a	drivor_action_best_after	scored	30.252	0	30.25	1.0	off_drivable	123	off drivable for 0.5 s through frame 123	124	20	0.0	0	0	0	0	0.2	15.1734	0.6213	1.0	0.9519	1.0	1.0	1.0	0.5769	0.7404	0.25	0.177	0.0	1.2568
58f3f43098985e77	drivor_action_best_before	scored	100.0	1	100.0	1.0	goal_reached	254	goal region entered	255	20	0.0	0	0	0	0	0.6364	79.1837	0.7685	1.0	1.0	1.0	1.0	1.0	0.166	0.8596	0.4638	1.0	0.0	3.1229
58f3f43098985e77	drivor_action_best_after	scored	100.0	1	100.0	1.0	goal_reached	258	goal region entered	259	20	0.0	0	0	0	0	0.9091	79.3766	0.7598	1.0	1.0	1.0	1.0	1.0	0.1506	0.8285	0.4017	1.0	0.0	3.0821
599c8b2bc9b252a7	drivor_action_best_before	scored	100.0	1	100.0	1.0	goal_reached	179	goal region entered	180	20	0.0	0	0	0	0	0.375	131.8467	0.8616	1.0	1.0	1.0	1.0	1.0	1.0	0.7188	0.3563	1.0	0.0	7.3497
599c8b2bc9b252a7	drivor_action_best_after	scored	100.0	1	100.0	1.0	goal_reached	173	goal region entered	174	20	0.0	0	0	0	0	0.5714	131.8747	0.8815	1.0	1.0	1.0	1.0	1.0	1.0	0.7532	0.3377	1.0	0.0	7.6048
5ac972b34e2e5614	drivor_action_best_before	scored	100.0	1	100.0	1.0	goal_reached	150	goal region entered	151	20	0.0	0	0	0	0	0.1667	38.9593	0.8237	1.0	1.0	1.0	1.0	1.0	0.5267	0.7252	0.3893	1.0	0.0	2.6127
5ac972b34e2e5614	drivor_action_best_after	scored	100.0	1	100.0	1.0	goal_reached	133	goal region entered	134	20	0.0	0	0	0	0	0.4	38.918	0.8104	1.0	1.0	1.0	1.0	1.0	0.5789	0.7281	0.2368	1.0	0.0	2.9411
5afcbc10159e5b87	drivor_action_best_before	scored	100.0	1	100.0	1.0	goal_reached	234	goal region entered	235	20	0.0	0	0	0	0	0.4	68.5237	0.8151	1.0	1.0	1.0	1.0	1.0	0.6093	0.8186	0.386	1.0	0.0	2.9175
5afcbc10159e5b87	drivor_action_best_after	scored	100.0	1	100.0	1.0	goal_reached	234	goal region entered	235	20	0.0	0	0	0	0	0.5	68.0852	0.8151	1.0	1.0	1.0	1.0	0.9953	0.6605	0.8	0.3721	1.0	0.0	2.8989
5bd2bc00e2d358e0	drivor_action_best_before	scored	98.125	0	100.0	0.981255	goal_reached	323	goal region entered	324	20	1.875	0	0	0	0	0.0	144.0171	0.7609	1.0	0.9803	1.0	1.0	1.0	0.8191	0.6809	0.2895	1.0	0.0	4.4457
5bd2bc00e2d358e0	drivor_action_best_after	scored	100.0	1	100.0	1.0	goal_reached	319	goal region entered	320	20	0.0	0	0	0	0	0.1333	144.5816	0.7803	1.0	0.9967	1.0	1.0	1.0	0.93	0.67	0.3033	1.0	0.0	4.5189
5bd8cf3fa67a524f	drivor_action_best_before	scored	100.0	1	100.0	1.0	goal_reached	391	goal region entered	392	20	0.0	0	0	0	0	0.2778	212.9884	0.689	1.0	1.0	1.0	1.0	1.0	0.1263	0.6882	0.2446	1.0	0.0	5.4534
5bd8cf3fa67a524f	drivor_action_best_after	scored	100.0	1	100.0	1.0	goal_reached	391	goal region entered	392	20	0.0	0	0	0	0	0.3333	212.8884	0.6819	1.0	1.0	1.0	1.0	1.0	0.1263	0.6559	0.2177	1.0	0.0	5.4508
5c838efd36805c92	drivor_action_best_before	scored	100.0	1	100.0	1.0	goal_reached	219	goal region entered	220	20	0.0	0	0	0	0	0.0	107.5437	0.7955	1.0	1.0	1.0	1.0	1.0	0.865	0.715	0.205	1.0	0.0	4.9295
5c838efd36805c92	drivor_action_best_after	scored	100.0	1	100.0	1.0	goal_reached	218	goal region entered	219	20	0.0	0	0	0	0	0.1111	107.5185	0.8113	1.0	1.0	1.0	1.0	1.0	0.9899	0.6884	0.2261	1.0	0.0	4.9508
5d12ad55fdd858e1	drivor_action_best_before	scored	100.0	1	100.0	1.0	goal_reached	320	goal region entered	321	8	0.0	0	0	0	0	0.3333	206.1097	0.7999	1.0	1.0	1.0	1.0	1.0	0.9904	0.6198	0.3259	1.0	0.0	6.453
5d12ad55fdd858e1	drivor_action_best_after	scored	100.0	1	100.0	1.0	goal_reached	316	goal region entered	317	8	0.0	0	0	0	0	0.2	205.7713	0.8004	1.0	1.0	1.0	1.0	1.0	1.0	0.5955	0.3333	1.0	0.0	6.5238
61b3149306a3501a	drivor_action_best_before	scored	96.262	0	100.0	0.962618	off_drivable	163	off drivable for 0.5 s through frame 163	164	8	3.738	0	0	0	0	0.0	50.1143	0.7811	1.0	0.9679	1.0	1.0	1.0	0.5833	0.5897	0.2949	0.9894	0.0	3.0905
61b3149306a3501a	drivor_action_best_after	scored	96.148	0	100.0	0.961479	off_drivable	180	off drivable for 0.5 s through frame 180	181	8	3.852	0	0	0	0	0.0	50.9238	0.7795	1.0	0.9711	1.0	1.0	1.0	0.5145	0.6069	0.3179	0.9894	0.0	2.845
61bce03d2e4659b9	drivor_action_best_before	scored	100.0	1	100.0	1.0	goal_reached	450	goal region entered	451	20	0.0	0	0	0	0	0.4286	127.7414	0.75	1.0	1.0	1.0	1.0	0.9977	0.7077	0.7842	0.3735	1.0	0.0	2.8504
61bce03d2e4659b9	drivor_action_best_after	scored	100.0	1	100.0	1.0	goal_reached	447	goal region entered	448	20	0.0	0	0	0	0	0.4286	127.5535	0.7729	1.0	1.0	1.0	1.0	0.9977	1.0	0.75	0.3107	1.0	0.0	2.8653
63c145828c3b5fd8	drivor_action_best_before	scored	100.0	1	100.0	1.0	goal_reached	69	goal region entered	70	8	0.0	0	0	0	0	0.3333	22.3677	0.8185	1.0	1.0	1.0	1.0	1.0	0.5968	0.7581	0.1935	1.0	0.0	3.2022
63c145828c3b5fd8	drivor_action_best_after	scored	100.0	1	100.0	1.0	goal_reached	67	goal region entered	68	8	0.0	0	0	0	0	0.3333	22.3556	0.8187	1.0	1.0	1.0	1.0	1.0	0.6167	0.75	0.1833	1.0	0.0	3.2946
6704953640e55b83	drivor_action_best_before	scored	100.0	1	100.0	1.0	goal_reached	227	goal region entered	228	20	0.0	0	0	0	0	0.0	102.224	0.7552	1.0	1.0	1.0	1.0	1.0	0.6442	0.6779	0.226	1.0	0.0	4.488
6704953640e55b83	drivor_action_best_after	scored	100.0	1	100.0	1.0	goal_reached	213	goal region entered	214	20	0.0	0	0	0	0	0.0	101.8883	0.7627	1.0	1.0	1.0	1.0	1.0	0.6856	0.6598	0.2474	1.0	0.0	4.7659
671da9103fe05141	drivor_action_best_before	scored	33.066	0	55.11	0.6	contact_at_fault	83	front with b5403389216f50c9	84	20	0.0	1	0	0	0	0.3333	30.7885	0.7293	0.9844	1.0	1.0	1.0	0.8281	0.6562	0.7344	0.1094	0.472	1.0	3.6995
671da9103fe05141	drivor_action_best_after	scored	33.641	0	56.07	0.6	contact_at_fault	83	front with b5403389216f50c9	84	20	0.0	1	0	0	0	0.6667	31.0813	0.7194	0.9844	1.0	1.0	1.0	0.8125	0.6406	0.7344	0.0781	0.4831	1.0	3.7344
67abcf0964415891	drivor_action_best_before	scored	34.604	0	57.88	0.59784	contact_at_fault	268	front with bca9486e1dca51c7	269	20	0.36	1	0	0	0	0.1667	114.3162	0.6005	0.996	0.992	1.0	1.0	0.9558	0.4137	0.6787	0.3052	0.5576	1.0	4.2581
67abcf0964415891	drivor_action_best_after	scored	31.341	0	34.4	0.911119	off_drivable	125	off drivable for 0.5 s through frame 125	126	20	8.888	0	0	0	0	0.2	67.6574	0.6327	1.0	0.9245	1.0	1.0	1.0	0.9151	0.6415	0.3113	0.3126	0.0	5.3877
67eb77e9004a503f	drivor_action_best_before	scored	27.375	0	45.62	0.6	contact_at_fault	125	front with 97200d6aaacc5db8	126	8	0.0	1	0	0	0	0.6	23.2645	0.7911	0.9915	1.0	1.0	1.0	0.9322	0.7203	0.8051	0.3814	0.4513	1.0	1.8562
67eb77e9004a503f	drivor_action_best_after	scored	27.862	0	46.44	0.6	contact_at_fault	123	front with 97200d6aaacc5db8	124	8	0.0	1	0	0	0	0.4	23.4805	0.7845	0.9914	1.0	1.0	1.0	0.931	0.7155	0.7241	0.3362	0.4595	1.0	1.9035
687dc7e79cf65570	drivor_action_best_before	scored	5.554	0	11.11	0.5	contact_at_fault	40	vru with navsafe_ped_2	41	8	0.0	0	1	0	0	0.0	12.2618	0.7576	0.9697	1.0	1.0	1.0	0.6061	1.0	0.7879	0.3939	0.1061	1.0	3.0026
687dc7e79cf65570	drivor_action_best_after	scored	5.554	0	11.11	0.5	contact_at_fault	40	vru with navsafe_ped_2	41	8	0.0	0	1	0	0	0.0	12.3177	0.7576	0.9697	1.0	1.0	1.0	0.6061	1.0	0.7879	0.3939	0.1061	1.0	3.0163
689abfdd66235378	drivor_action_best_before	scored	99.364	0	100.0	0.99364	goal_reached	227	goal region entered	228	20	0.636	0	0	0	0	0.2	175.3283	0.8087	1.0	0.9856	1.0	1.0	1.0	0.75	0.7067	0.2981	1.0	0.0	7.735
689abfdd66235378	drivor_action_best_after	scored	100.0	1	100.0	1.0	goal_reached	228	goal region entered	229	20	0.0	0	0	0	0	0.4	175.2526	0.8085	1.0	1.0	1.0	1.0	1.0	0.689	0.7273	0.2488	1.0	0.0	7.6979
6ad48974e9985e1f	drivor_action_best_before	scored	29.819	0	29.82	1.0	contact_not_at_fault	64	rear_end with e8c6992646a05fa9	65	20	0.0	0	0	0	0	1.0	25.809	0.7857	1.0	1.0	1.0	1.0	1.0	1.0	0.8222	0.3111	0.1716	1.0	4.0779
6ad48974e9985e1f	drivor_action_best_after	scored	52.4	0	53.99	0.970585	off_drivable	461	off drivable for 0.5 s through frame 461	462	20	2.942	0	0	0	0	0.7727	56.2245	0.6464	1.0	0.9887	1.0	1.0	1.0	1.0	0.6176	0.1923	0.4542	0.0	1.2321
6b7c5199f84e5aac	drivor_action_best_before	scored	100.0	1	100.0	1.0	goal_reached	370	goal region entered	371	8	0.0	0	0	0	0	0.1111	119.2304	0.7195	1.0	1.0	1.0	1.0	1.0	0.4573	0.7163	0.2865	1.0	0.0	3.2314
6b7c5199f84e5aac	drivor_action_best_after	scored	15.063	0	25.1	0.6	contact_at_fault	89	front with navsafe_oncoming_vehicle	90	8	0.0	1	0	0	0	0.0	29.1772	0.6709	0.9878	0.9878	1.0	1.0	0.878	0.8171	0.5854	0.2073	0.2141	1.0	3.3145
6c9e40634f705f56	drivor_action_best_before	scored	7.031	0	11.72	0.6	contact_at_fault	39	front with navsafe_mainline_vehicle	40	8	0.0	1	0	0	0	0.0	10.2039	0.7079	0.9688	1.0	1.0	1.0	0.625	0.625	0.875	0.4375	0.101	1.0	2.5869
6c9e40634f705f56	drivor_action_best_after	scored	7.031	0	11.72	0.6	contact_at_fault	39	front with navsafe_mainline_vehicle	40	8	0.0	1	0	0	0	0.0	10.1446	0.7079	0.9688	1.0	1.0	1.0	0.625	0.625	0.875	0.4375	0.101	1.0	2.5721
6e778c30490d5f50	drivor_action_best_before	scored	100.0	1	100.0	1.0	goal_reached	232	goal region entered	233	20	0.0	0	0	0	0	0.4	57.9253	0.8227	1.0	1.0	1.0	1.0	0.9953	0.4178	0.8685	0.4366	1.0	0.0	2.4861
6e778c30490d5f50	drivor_action_best_after	scored	100.0	1	100.0	1.0	goal_reached	220	goal region entered	221	20	0.0	0	0	0	0	0.4	57.8196	0.7875	1.0	1.0	1.0	1.0	1.0	0.194	0.806	0.393	1.0	0.0	2.6163
6f61120208385a02	drivor_action_best_before	scored	17.454	0	19.66	0.887792	off_drivable	54	off drivable for 0.5 s through frame 54	55	20	11.221	0	0	0	0	0.0	28.5409	0.7607	1.0	0.8571	1.0	1.0	1.0	1.0	0.6857	0.3143	0.1483	0.0	5.2388
6f61120208385a02	drivor_action_best_after	scored	17.445	0	19.66	0.887332	off_drivable	54	off drivable for 0.5 s through frame 54	55	20	11.267	0	0	0	0	0.0	28.6325	0.7679	1.0	0.8571	1.0	1.0	1.0	1.0	0.7143	0.3714	0.1483	0.0	5.2554
6f75ee5c660855e7	drivor_action_best_before	scored	100.0	1	100.0	1.0	goal_reached	231	goal region entered	232	20	0.0	0	0	0	0	0.1	87.4529	0.8314	1.0	1.0	1.0	1.0	1.0	1.0	0.717	0.25	1.0	0.0	3.7906
6f75ee5c660855e7	drivor_action_best_after	scored	100.0	1	100.0	1.0	goal_reached	211	goal region entered	212	20	0.0	0	0	0	0	0.3333	87.4647	0.8185	1.0	1.0	1.0	1.0	1.0	1.0	0.6667	0.1667	1.0	0.0	4.1487
6fc91bf02f225d1b	drivor_action_best_before	scored	100.0	1	100.0	1.0	goal_reached	480	goal region entered	481	20	0.0	0	0	0	0	0.2609	186.5583	0.6838	1.0	1.0	1.0	1.0	1.0	0.141	0.7072	0.3037	1.0	0.0	3.8788
6fc91bf02f225d1b	drivor_action_best_after	scored	100.0	1	100.0	1.0	goal_reached	481	goal region entered	482	20	0.0	0	0	0	0	0.3478	186.7222	0.7274	1.0	1.0	1.0	1.0	1.0	0.4481	0.7186	0.3182	1.0	0.0	3.8741
71d14fc8ea3d5b5d	drivor_action_best_before	scored	100.0	1	100.0	1.0	goal_reached	237	goal region entered	238	20	0.0	0	0	0	0	0.2	77.1068	0.8674	1.0	1.0	1.0	1.0	1.0	1.0	0.7294	0.3211	1.0	0.0	3.2403
71d14fc8ea3d5b5d	drivor_action_best_after	scored	100.0	1	100.0	1.0	goal_reached	231	goal region entered	232	20	0.0	0	0	0	0	0.0	77.3081	0.8585	1.0	1.0	1.0	1.0	1.0	1.0	0.684	0.2642	1.0	0.0	3.3328
7403f892832b51d3	drivor_action_best_before	scored	31.092	0	51.82	0.6	contact_at_fault	190	front with 4e6fea761b025cb0	191	20	0.0	1	0	0	0	0.0	64.547	0.7768	0.9942	1.0	1.0	1.0	0.9532	0.9825	0.655	0.3275	0.4624	1.0	3.4096
7403f892832b51d3	drivor_action_best_after	scored	31.092	0	51.82	0.6	contact_at_fault	172	front with 90b5cd30090e56c9	173	20	0.0	1	0	0	0	0.0	64.5156	0.7665	0.9935	1.0	1.0	1.0	0.915	1.0	0.634	0.3072	0.4624	1.0	3.7625
757c23c6819c589c	drivor_action_best_before	scored	50.218	0	50.77	0.989165	off_drivable	198	off drivable for 0.5 s through frame 198	199	20	1.084	0	0	0	0	0.25	92.5399	0.7198	1.0	0.9721	1.0	1.0	1.0	0.9274	0.7542	0.1955	0.4408	0.0	4.7012
757c23c6819c589c	drivor_action_best_after	scored	50.104	0	50.77	0.98693	off_drivable	192	off drivable for 0.5 s through frame 192	193	20	1.307	0	0	0	0	0.125	93.0191	0.7236	1.0	0.9711	1.0	1.0	1.0	0.8613	0.763	0.2543	0.4408	0.0	4.8722
76da778ff251508d	drivor_action_best_before	scored	7.574	0	12.62	0.6	contact_at_fault	68	front with navsafe_blocker_1	69	8	0.0	1	0	0	0	0.0	32.1884	0.6	0.9836	1.0	1.0	1.0	0.6721	1.0	0.4262	0.3934	0.0844	1.0	4.8632
76da778ff251508d	drivor_action_best_after	scored	7.574	0	12.62	0.6	contact_at_fault	66	front with navsafe_blocker_1	67	8	0.0	1	0	0	0	0.0	32.1851	0.5802	0.9831	1.0	1.0	1.0	0.6271	1.0	0.4237	0.339	0.0844	1.0	5.0079
771c4e378bef58e4	drivor_action_best_before	scored	7.974	0	7.97	1.0	contact_not_at_fault	89	evaluator ended the episode: contact_not_at_fault (post-hoc trace read as deadlock)	588	20	0.0	0	0	0	0	0.0	10.3552	0.4366	1.0	1.0	1.0	1.0	0.9789	0.044	0.6197	0.0951	0.1968	1.0	0.1766
771c4e378bef58e4	drivor_action_best_after	scored	12.729	0	21.21	0.6	contact_at_fault	388	front with 14e8faa263835584	389	20	0.0	1	0	0	0	0.5	10.3256	0.4474	0.9973	1.0	1.0	1.0	0.9702	0.0678	0.6694	0.206	0.1968	1.0	0.2662
7956fe13f69e53dc	drivor_action_best_before	scored	100.0	1	100.0	1.0	goal_reached	172	goal region entered	173	20	0.0	0	0	0	0	0.1429	69.3373	0.8146	1.0	1.0	1.0	1.0	1.0	0.8105	0.6863	0.2288	1.0	0.0	4.0167
7956fe13f69e53dc	drivor_action_best_after	scored	100.0	1	100.0	1.0	goal_reached	169	goal region entered	170	20	0.0	0	0	0	0	0.1429	69.1086	0.8157	1.0	1.0	1.0	1.0	1.0	0.8467	0.64	0.2133	1.0	0.0	4.0742
7962741aebba5e56	drivor_action_best_before	scored	100.0	1	100.0	1.0	goal_reached	308	goal region entered	309	20	0.0	0	0	0	0	0.2143	133.3133	0.655	1.0	1.0	1.0	1.0	1.0	0.1938	0.6851	0.2007	1.0	0.0	4.3407
7962741aebba5e56	drivor_action_best_after	scored	100.0	1	100.0	1.0	goal_reached	308	goal region entered	309	20	0.0	0	0	0	0	0.1429	133.2514	0.6658	1.0	1.0	1.0	1.0	1.0	0.1972	0.7301	0.301	1.0	0.0	4.3387
7b635c8426075d70	drivor_action_best_before	scored	19.268	0	21.79	0.884433	off_drivable	71	off drivable for 0.5 s through frame 71	72	20	11.557	0	0	0	0	0.0	38.7481	0.7151	1.0	0.9038	1.0	1.0	1.0	1.0	0.7308	0.1731	0.1545	0.0	5.4548
7b635c8426075d70	drivor_action_best_after	scored	19.447	0	21.79	0.892629	off_drivable	71	off drivable for 0.5 s through frame 71	72	20	10.737	0	0	0	0	0.0	38.7494	0.7128	1.0	0.9038	1.0	1.0	1.0	1.0	0.7115	0.1923	0.1545	0.0	5.455
7c00774138ae5805	drivor_action_best_before	scored	100.0	1	100.0	1.0	goal_reached	191	goal region entered	192	8	0.0	0	0	0	0	0.1111	75.1385	0.8558	1.0	1.0	1.0	1.0	1.0	1.0	0.6467	0.2011	1.0	0.0	3.9155
7c00774138ae5805	drivor_action_best_after	scored	100.0	1	100.0	1.0	goal_reached	165	goal region entered	166	8	0.0	0	0	0	0	0.2857	74.9332	0.8837	1.0	1.0	1.0	1.0	1.0	0.9684	0.7532	0.3481	1.0	0.0	4.5165
7cb91c1ad87c56d5	drivor_action_best_before	scored	100.0	1	100.0	1.0	goal_reached	382	goal region entered	383	20	0.0	0	0	0	0	0.3333	175.8594	0.7876	1.0	1.0	1.0	1.0	1.0	1.0	0.7107	0.3085	1.0	0.0	4.6227
7cb91c1ad87c56d5	drivor_action_best_after	scored	100.0	1	100.0	1.0	goal_reached	379	goal region entered	380	20	0.0	0	0	0	0	0.3333	175.828	0.79	1.0	1.0	1.0	1.0	1.0	1.0	0.7333	0.2917	1.0	0.0	4.6584
7cdcf11e211759cf	drivor_action_best_before	scored	100.0	1	100.0	1.0	goal_reached	220	goal region entered	221	20	0.0	0	0	0	0	0.2	97.8632	0.7963	1.0	1.0	1.0	1.0	1.0	0.4279	0.7065	0.3134	1.0	0.0	4.4282
7cdcf11e211759cf	drivor_action_best_after	scored	100.0	1	100.0	1.0	goal_reached	207	goal region entered	208	20	0.0	0	0	0	0	0.2222	98.0201	0.8023	1.0	1.0	1.0	1.0	1.0	0.4787	0.6915	0.266	1.0	0.0	4.7125
7e40ef4f0d5b5cc9	drivor_action_best_before	scored	100.0	1	100.0	1.0	goal_reached	262	goal region entered	263	20	0.0	0	0	0	0	0.0833	122.3539	0.7376	1.0	1.0	1.0	1.0	1.0	0.5185	0.6296	0.284	1.0	0.0	4.6789
7e40ef4f0d5b5cc9	drivor_action_best_after	scored	100.0	1	100.0	1.0	goal_reached	266	goal region entered	267	20	0.0	0	0	0	0	0.0	122.4953	0.74	1.0	1.0	1.0	1.0	1.0	0.5182	0.6316	0.2874	1.0	0.0	4.6141
7e5bbdae500e5ad1	drivor_action_best_before	scored	100.0	1	100.0	1.0	goal_reached	364	goal region entered	365	20	0.0	0	0	0	0	0.1176	203.0496	0.6844	1.0	0.9884	1.0	1.0	1.0	0.5362	0.6261	0.2377	1.0	0.0	5.5971
7e5bbdae500e5ad1	drivor_action_best_after	scored	98.226	0	98.81	0.994044	off_drivable	371	off drivable for 0.5 s through frame 371	372	20	0.596	0	0	0	0	0.0588	202.823	0.692	1.0	0.9744	1.0	1.0	1.0	0.5909	0.6648	0.2869	0.9791	0.0	5.4857
7f49b4deed075e6c	drivor_action_best_before	scored	66.888	0	66.89	1.0	deadlock	414	< 0.1 m/s for 5 s	463	20	0.0	0	0	0	0	0.3158	67.7213	0.6534	1.0	1.0	1.0	1.0	1.0	0.2506	0.754	0.2167	0.5786	0.0	1.4847
7f49b4deed075e6c	drivor_action_best_after	scored	100.0	1	100.0	1.0	goal_reached	385	goal region entered	386	20	0.0	0	0	0	0	0.3333	99.9594	0.7337	1.0	1.0	1.0	1.0	0.9809	0.6421	0.7377	0.3087	1.0	0.0	2.616
84acc78da95f56d3	drivor_action_best_before	scored	13.869	0	23.11	0.6	contact_at_fault	167	front with navsafe_blocker_1	168	8	0.0	1	0	0	0	0.25	24.7852	0.659	0.9938	1.0	1.0	1.0	0.9313	1.0	0.7438	0.4813	0.1584	1.0	1.5395
84acc78da95f56d3	drivor_action_best_after	scored	23.115	0	23.11	1.0	contact_not_at_fault	168	front with navsafe_blocker_1	169	8	0.0	0	0	0	0	0.25	25.1516	0.6431	0.9938	1.0	1.0	1.0	0.9317	0.9379	0.7329	0.441	0.1584	1.0	1.552
854918c8b7665af0	drivor_action_best_before	scored	100.0	1	100.0	1.0	goal_reached	256	goal region entered	257	20	0.0	0	0	0	0	0.0	151.1599	0.7395	1.0	1.0	1.0	1.0	1.0	0.4219	0.616	0.1941	1.0	0.0	5.9029
854918c8b7665af0	drivor_action_best_after	scored	100.0	1	100.0	1.0	goal_reached	276	goal region entered	277	20	0.0	0	0	0	0	0.0833	151.1151	0.7319	1.0	1.0	1.0	1.0	1.0	0.284	0.6615	0.2568	1.0	0.0	5.4751
8661a7e9b4a95042	drivor_action_best_before	scored	70.0	0	100.0	0.7	goal_reached	226	goal region entered	227	20	0.0	0	0	0	1	0.5	120.7019	0.8568	1.0	1.0	1.0	0.9952	1.0	0.971	0.7343	0.3382	1.0	0.0	5.3197
8661a7e9b4a95042	drivor_action_best_after	scored	70.0	0	100.0	0.7	goal_reached	228	goal region entered	229	20	0.0	0	0	0	1	0.4	120.5849	0.855	1.0	1.0	1.0	0.9952	1.0	0.9713	0.7464	0.3349	1.0	0.0	5.2682
888d1fb945ed5982	drivor_action_best_before	scored	100.0	1	100.0	1.0	goal_reached	144	goal region entered	145	20	0.0	0	0	0	0	0.3333	64.3985	0.873	1.0	1.0	1.0	1.0	1.0	1.0	0.76	0.224	1.0	0.0	4.4511
888d1fb945ed5982	drivor_action_best_after	scored	100.0	1	100.0	1.0	goal_reached	140	goal region entered	141	20	0.0	0	0	0	0	0.1667	64.5311	0.8306	1.0	1.0	1.0	1.0	1.0	0.8264	0.6942	0.124	1.0	0.0	4.5868
89912e0a307256fd	drivor_action_best_before	scored	100.0	1	100.0	1.0	goal_reached	319	goal region entered	320	20	0.0	0	0	0	0	0.0667	160.9118	0.7807	1.0	1.0	1.0	1.0	1.0	0.9433	0.6867	0.1933	1.0	0.0	5.0495
89912e0a307256fd	drivor_action_best_after	scored	100.0	1	100.0	1.0	goal_reached	322	goal region entered	323	20	0.0	0	0	0	0	0.2	161.04	0.7927	1.0	1.0	1.0	1.0	1.0	1.0	0.7096	0.231	1.0	0.0	5.0065
89ac4f4584065c48	drivor_action_best_before	scored	100.0	1	100.0	1.0	goal_reached	292	goal region entered	293	20	0.0	0	0	0	0	0.1538	110.1476	0.6918	1.0	1.0	1.0	1.0	1.0	0.4542	0.6996	0.2454	1.0	0.0	3.7998
89ac4f4584065c48	drivor_action_best_after	scored	100.0	1	100.0	1.0	goal_reached	303	goal region entered	304	20	0.0	0	0	0	0	0.3571	109.8866	0.7558	1.0	1.0	1.0	1.0	1.0	0.757	0.7746	0.3275	1.0	0.0	3.6537
89e02236312d5038	drivor_action_best_before	scored	7.76	0	9.59	0.8093	off_drivable	40	off drivable for 0.5 s through frame 40	41	8	19.07	0	0	0	0	0.0	16.8036	0.7058	1.0	0.8485	1.0	1.0	1.0	1.0	0.7273	0.2424	0.0835	0.0	4.1461
89e02236312d5038	drivor_action_best_after	scored	6.442	0	8.04	0.80169	off_drivable	36	off drivable for 0.5 s through frame 36	37	8	19.831	0	0	0	0	0.0	14.1075	0.6978	1.0	0.8276	1.0	1.0	1.0	1.0	0.7586	0.3448	0.0678	0.0	3.8656
8c6c4c4b507c5eb1	drivor_action_best_before	scored	100.0	1	100.0	1.0	goal_reached	226	goal region entered	227	20	0.0	0	0	0	0	0.6	120.1705	0.7928	1.0	1.0	1.0	1.0	1.0	0.6329	0.7053	0.2029	1.0	0.0	5.3003
8c6c4c4b507c5eb1	drivor_action_best_after	scored	43.906	0	73.18	0.6	contact_at_fault	394	front with 084f6fed143a50b3	395	20	0.0	1	0	0	0	0.3889	88.8568	0.7389	0.9973	1.0	1.0	1.0	0.976	0.44	0.736	0.3227	0.714	1.0	2.2532
8d261d29f3655aec	drivor_action_best_before	scored	100.0	1	100.0	1.0	goal_reached	174	goal region entered	175	20	0.0	0	0	0	0	1.0	55.6297	0.8474	1.0	1.0	1.0	1.0	1.0	0.8258	0.9484	0.5484	1.0	0.0	3.2353
8d261d29f3655aec	drivor_action_best_after	scored	100.0	1	100.0	1.0	goal_reached	174	goal region entered	175	20	0.0	0	0	0	0	1.0	55.63	0.8357	1.0	1.0	1.0	1.0	1.0	0.7419	0.9484	0.5355	1.0	0.0	3.2353
8d4c7214942e5619	drivor_action_best_before	scored	100.0	1	100.0	1.0	goal_reached	321	goal region entered	322	20	0.0	0	0	0	0	0.2	166.8515	0.7675	1.0	1.0	1.0	1.0	0.9967	0.9503	0.6556	0.2086	1.0	0.0	5.2048
8d4c7214942e5619	drivor_action_best_after	scored	100.0	1	100.0	1.0	goal_reached	308	goal region entered	309	20	0.0	0	0	0	0	0.2143	167.2295	0.7659	1.0	1.0	1.0	1.0	0.9965	0.8616	0.6851	0.2388	1.0	0.0	5.436
8decf23c348f5b65	drivor_action_best_before	scored	51.184	0	56.26	0.909777	off_drivable	97	off drivable for 0.5 s through frame 97	98	8	9.022	0	0	0	0	0.25	47.2891	0.7799	1.0	0.9444	1.0	1.0	0.9889	0.8889	0.5778	0.1889	0.5585	0.0	4.8284
8decf23c348f5b65	drivor_action_best_after	scored	41.768	0	46.41	0.900031	off_drivable	107	off drivable for 0.5 s through frame 107	108	8	9.997	0	0	0	0	0.2	40.1138	0.7645	1.0	0.95	1.0	1.0	0.97	0.81	0.62	0.23	0.4593	0.0	3.7169
9135a6d270475c7f	drivor_action_best_before	scored	100.0	1	100.0	1.0	goal_reached	139	goal region entered	140	20	0.0	0	0	0	0	0.0	56.324	0.774	1.0	1.0	1.0	1.0	1.0	0.3417	0.6583	0.1917	1.0	0.0	4.0419
9135a6d270475c7f	drivor_action_best_after	scored	100.0	1	100.0	1.0	goal_reached	217	goal region entered	218	20	0.0	0	0	0	0	0.1111	58.3126	0.7379	1.0	1.0	1.0	1.0	1.0	0.3384	0.6566	0.303	1.0	0.0	2.687
9157902936a456bf	drivor_action_best_before	scored	100.0	1	100.0	1.0	goal_reached	308	goal region entered	309	20	0.0	0	0	0	0	0.2143	187.8502	0.829	1.0	1.0	1.0	1.0	1.0	0.8685	0.6817	0.3287	1.0	0.0	6.0794
9157902936a456bf	drivor_action_best_after	scored	100.0	1	100.0	1.0	goal_reached	286	goal region entered	287	20	0.0	0	0	0	0	0.3077	188.6061	0.8069	1.0	1.0	1.0	1.0	1.0	0.6592	0.7004	0.3596	1.0	0.0	6.5717
918b6721bcf75d38	drivor_action_best_before	scored	21.982	0	21.98	1.0	off_drivable	52	off drivable for 0.5 s through frame 52	53	20	0.0	0	0	0	0	0.0	21.5992	0.7082	1.0	0.8485	1.0	1.0	1.0	1.0	0.3939	0.303	0.1447	0.0	4.1583
918b6721bcf75d38	drivor_action_best_after	scored	22.452	0	22.45	1.0	off_drivable	52	off drivable for 0.5 s through frame 52	53	20	0.0	0	0	0	0	0.0	21.6351	0.7082	1.0	0.8485	1.0	1.0	1.0	1.0	0.4242	0.2727	0.1499	0.0	4.1651
92c6df44cf055882	drivor_action_best_before	scored	38.597	0	41.66	0.926465	off_drivable	72	off drivable for 0.5 s through frame 72	73	20	7.354	0	0	0	0	0.0	35.5372	0.783	1.0	0.9057	1.0	1.0	1.0	1.0	0.5472	0.3396	0.3805	0.0	4.8968
92c6df44cf055882	drivor_action_best_after	scored	36.821	0	40.39	0.91168	off_drivable	72	off drivable for 0.5 s through frame 72	73	20	8.832	0	0	0	0	0.0	34.8932	0.7854	1.0	0.9057	1.0	1.0	1.0	1.0	0.6604	0.2453	0.367	0.0	4.8086
9311d9a2409c5224	drivor_action_best_before	scored	13.115	0	13.21	0.992479	off_drivable	114	off drivable for 0.5 s through frame 114	115	20	0.752	0	0	0	0	0.25	24.7964	0.651	1.0	0.9474	1.0	1.0	1.0	0.7368	0.7684	0.4421	0.1032	0.0	2.1563
9311d9a2409c5224	drivor_action_best_after	scored	13.117	0	13.21	0.992613	off_drivable	114	off drivable for 0.5 s through frame 114	115	20	0.739	0	0	0	0	0.25	24.868	0.6531	1.0	0.9474	1.0	1.0	1.0	0.7474	0.7684	0.4421	0.1032	0.0	2.1625
9605af7df76f5ba3	drivor_action_best_before	scored	100.0	1	100.0	1.0	goal_reached	396	goal region entered	397	20	0.0	0	0	0	0	0.3333	119.6144	0.7862	1.0	1.0	1.0	1.0	1.0	1.0	0.8143	0.4324	1.0	0.0	3.029
9605af7df76f5ba3	drivor_action_best_after	scored	100.0	1	100.0	1.0	goal_reached	396	goal region entered	397	20	0.0	0	0	0	0	0.4444	119.6282	0.7836	1.0	1.0	1.0	1.0	1.0	1.0	0.8117	0.3979	1.0	0.0	3.0293
97146fc0e8525e75	drivor_action_best_before	scored	100.0	1	100.0	1.0	goal_reached	257	goal region entered	258	20	0.0	0	0	0	0	0.0909	88.65	0.6952	1.0	1.0	1.0	1.0	1.0	0.6176	0.6765	0.1807	1.0	0.0	3.4617
97146fc0e8525e75	drivor_action_best_after	scored	100.0	1	100.0	1.0	goal_reached	266	goal region entered	267	20	0.0	0	0	0	0	0.0833	88.9429	0.7001	1.0	1.0	1.0	1.0	1.0	0.5951	0.7166	0.2308	1.0	0.0	3.356
97dcc120f4695080	drivor_action_best_before	scored	100.0	1	100.0	1.0	goal_reached	191	goal region entered	192	20	0.0	0	0	0	0	0.125	131.2773	0.7416	1.0	1.0	1.0	1.0	1.0	0.7965	0.6686	0.2558	1.0	0.0	6.8899
97dcc120f4695080	drivor_action_best_after	scored	100.0	1	100.0	1.0	goal_reached	206	goal region entered	207	20	0.0	0	0	0	0	0.2222	131.334	0.7362	1.0	1.0	1.0	1.0	1.0	0.8021	0.6203	0.2246	1.0	0.0	6.3934
9869278b0f8f5061	drivor_action_best_before	scored	0.003	0	0.0	1.0	contact_not_at_fault	155	evaluator ended the episode: contact_not_at_fault (post-hoc trace read as deadlock)	256	20	0.0	0	0	0	0	0.5	2.38	0.441	1.0	1.0	1.0	1.0	1.0	0.2119	0.5805	0.1314	0.0814	1.0	0.093
9869278b0f8f5061	drivor_action_best_after	scored	0.003	0	0.0	1.0	deadlock	108	< 0.1 m/s for 5 s	269	20	0.0	0	0	0	0	0.75	1.6964	0.426	1.0	1.0	1.0	1.0	1.0	0.2209	0.6145	0.012	0.0	0.0	0.0631
99a98a7ffb075389	drivor_action_best_before	scored	100.0	1	100.0	1.0	goal_reached	286	goal region entered	287	20	0.0	0	0	0	0	0.3077	123.3339	0.7777	1.0	1.0	1.0	1.0	1.0	0.7528	0.7154	0.3221	1.0	0.0	4.2976
99a98a7ffb075389	drivor_action_best_after	scored	100.0	1	100.0	1.0	goal_reached	272	goal region entered	273	20	0.0	0	0	0	0	0.1667	123.0072	0.7758	1.0	1.0	1.0	1.0	1.0	0.7747	0.6759	0.2174	1.0	0.0	4.506
9a6489254d5f5577	drivor_action_best_before	scored	100.0	1	100.0	1.0	goal_reached	249	goal region entered	250	20	0.0	0	0	0	0	0.0	105.1071	0.7549	1.0	1.0	1.0	1.0	1.0	0.2826	0.6478	0.287	1.0	0.0	4.2044
9a6489254d5f5577	drivor_action_best_after	scored	100.0	1	100.0	1.0	goal_reached	246	goal region entered	247	20	0.0	0	0	0	0	0.1818	105.1189	0.7556	1.0	1.0	1.0	1.0	1.0	0.2952	0.6256	0.2599	1.0	0.0	4.2559
9ac86ade68505597	drivor_action_best_before	scored	100.0	1	100.0	1.0	goal_reached	312	goal region entered	313	20	0.0	0	0	0	0	0.2857	81.5185	0.7429	1.0	1.0	1.0	1.0	1.0	0.9932	0.7167	0.372	1.0	0.0	2.6187
9ac86ade68505597	drivor_action_best_after	scored	100.0	1	100.0	1.0	goal_reached	320	goal region entered	321	20	0.0	0	0	0	0	0.2667	81.5457	0.7335	1.0	1.0	1.0	1.0	1.0	0.9535	0.7076	0.3355	1.0	0.0	2.5543
9b21b864f1a159e8	drivor_action_best_before	scored	100.0	1	100.0	1.0	goal_reached	416	goal region entered	417	20	0.0	0	0	0	0	0.6316	159.0837	0.7843	1.0	1.0	1.0	1.0	1.0	0.8413	0.7935	0.398	1.0	0.0	3.8405
9b21b864f1a159e8	drivor_action_best_after	scored	100.0	1	100.0	1.0	goal_reached	418	goal region entered	419	20	0.0	0	0	0	0	0.4737	159.0619	0.755	1.0	1.0	1.0	1.0	1.0	0.6391	0.7895	0.3709	1.0	0.0	3.8216
9d791495c47e5061	drivor_action_best_before	scored	100.0	1	100.0	1.0	goal_reached	469	goal region entered	470	20	0.0	0	0	0	0	0.0909	192.3616	0.726	1.0	1.0	1.0	1.0	1.0	0.7133	0.6689	0.2622	1.0	0.0	4.1187
9d791495c47e5061	drivor_action_best_after	scored	100.0	1	100.0	1.0	goal_reached	450	goal region entered	451	20	0.0	0	0	0	0	0.1905	192.6143	0.6911	1.0	1.0	1.0	1.0	1.0	0.3666	0.7077	0.3132	1.0	0.0	4.2978
9e34c53444bd518c	drivor_action_best_before	scored	100.0	1	100.0	1.0	goal_reached	277	goal region entered	278	20	0.0	0	0	0	0	0.25	116.5598	0.8132	1.0	1.0	1.0	1.0	1.0	1.0	0.6008	0.2403	1.0	0.0	4.1928
9e34c53444bd518c	drivor_action_best_after	scored	100.0	1	100.0	1.0	goal_reached	268	goal region entered	269	20	0.0	0	0	0	0	0.3333	117.0775	0.8254	1.0	1.0	1.0	1.0	1.0	1.0	0.6466	0.2851	1.0	0.0	4.3523
9eb1dcda60165ae3	drivor_action_best_before	scored	100.0	1	100.0	1.0	goal_reached	449	goal region entered	450	20	0.0	0	0	0	0	0.0476	255.266	0.7356	1.0	1.0	1.0	1.0	1.0	0.9488	0.6163	0.2651	1.0	0.0	5.696
9eb1dcda60165ae3	drivor_action_best_after	scored	100.0	1	100.0	1.0	goal_reached	457	goal region entered	458	20	0.0	0	0	0	0	0.0	255.516	0.6931	1.0	1.0	1.0	1.0	1.0	0.6279	0.6027	0.2397	1.0	0.0	5.602
9ef1d618435d5e53	drivor_action_best_before	scored	53.287	0	88.81	0.6	contact_at_fault	213	front with aa8eacc3b8a653b2	214	20	0.0	1	0	0	0	0.0	77.9144	0.8388	0.9948	1.0	1.0	1.0	0.9794	1.0	0.701	0.2784	0.8846	1.0	3.641
9ef1d618435d5e53	drivor_action_best_after	scored	100.0	1	100.0	1.0	goal_reached	221	goal region entered	222	20	0.0	0	0	0	0	0.1	85.4688	0.8425	1.0	1.0	1.0	1.0	0.9802	0.9455	0.7327	0.2871	1.0	0.0	3.8501
a0ff0b74063659a2	drivor_action_best_before	scored	100.0	1	100.0	1.0	goal_reached	165	goal region entered	166	20	0.0	0	0	0	0	0.1429	81.0257	0.7801	1.0	1.0	1.0	1.0	1.0	0.411	0.5822	0.2671	1.0	0.0	4.8928
a0ff0b74063659a2	drivor_action_best_after	scored	100.0	1	100.0	1.0	goal_reached	166	goal region entered	167	20	0.0	0	0	0	0	0.1429	80.9063	0.7896	1.0	1.0	1.0	1.0	1.0	0.3741	0.6395	0.3061	1.0	0.0	4.8564
a12d1a61d7cc50fe	drivor_action_best_before	scored	100.0	1	100.0	1.0	goal_reached	201	goal region entered	202	20	0.0	0	0	0	0	0.0	196.2411	0.8852	1.0	1.0	1.0	1.0	1.0	1.0	0.7363	0.3516	1.0	0.0	9.7617
a12d1a61d7cc50fe	drivor_action_best_after	scored	100.0	1	100.0	1.0	goal_reached	204	goal region entered	205	20	0.0	0	0	0	0	0.1111	196.2759	0.888	1.0	1.0	1.0	1.0	1.0	1.0	0.773	0.3459	1.0	0.0	9.6206
a18d2b32f8415373	drivor_action_best_before	scored	58.612	0	97.69	0.6	contact_at_fault	175	front with e260393270365e73	176	20	0.0	1	0	0	0	0.2857	92.2287	0.7984	0.9936	1.0	1.0	1.0	0.9359	0.5705	0.7051	0.2949	0.9749	1.0	5.2608
a18d2b32f8415373	drivor_action_best_after	scored	100.0	1	100.0	1.0	goal_reached	194	goal region entered	195	20	0.0	0	0	0	0	0.0	93.7019	0.8156	1.0	1.0	1.0	1.0	1.0	0.5486	0.6971	0.28	1.0	0.0	4.8237
a2c2e046132e5596	drivor_action_best_before	scored	37.916	0	63.19	0.6	contact_at_fault	174	front with 3a5588b7698d5660	175	8	0.0	1	0	0	0	0.625	110.1665	0.6938	0.994	1.0	1.0	1.0	0.9281	0.3772	0.7485	0.2036	0.6163	1.0	6.3359
a2c2e046132e5596	drivor_action_best_after	scored	38.242	0	63.74	0.6	contact_at_fault	172	front with 3a5588b7698d5660	173	8	0.0	1	0	0	0	0.375	111.5266	0.7045	0.9939	1.0	1.0	1.0	0.9394	0.4303	0.703	0.2242	0.6219	1.0	6.4878
a43dbb1d34665f24	drivor_action_best_before	scored	88.455	0	92.43	0.956981	off_drivable	195	off drivable for 0.5 s through frame 195	196	8	4.302	0	0	0	0	0.2222	105.6	0.8091	1.0	0.9734	1.0	1.0	1.0	0.7926	0.6968	0.2553	0.9218	0.0	5.3969
a43dbb1d34665f24	drivor_action_best_after	scored	77.528	0	81.21	0.954613	off_drivable	184	off drivable for 0.5 s through frame 184	185	8	4.539	0	0	0	0	0.25	93.9699	0.7933	1.0	0.9718	1.0	1.0	1.0	0.7401	0.661	0.2429	0.8082	0.0	5.0892
a4581d8af5f755a9	drivor_action_best_before	scored	34.272	0	34.27	1.0	off_drivable	114	off drivable for 0.5 s through frame 114	115	20	0.0	0	0	0	0	0.0	22.1465	0.6674	1.0	0.9474	1.0	1.0	1.0	0.6105	0.6	0.2	0.2834	0.0	1.9364
a4581d8af5f755a9	drivor_action_best_after	scored	34.272	0	34.27	1.0	off_drivable	136	evaluator ended the episode: off_drivable (post-hoc trace read as deadlock)	170	20	0.0	0	0	0	0	0.0	22.3887	0.6103	1.0	0.9667	1.0	1.0	1.0	0.38	0.6467	0.1667	0.2834	0.0	1.3242
a67c6744e6c45edb	drivor_action_best_before	scored	100.0	1	100.0	1.0	goal_reached	270	goal region entered	271	20	0.0	0	0	0	0	0.1667	162.3912	0.7699	1.0	1.0	1.0	1.0	0.996	0.6932	0.6773	0.2948	1.0	0.0	5.9951
a67c6744e6c45edb	drivor_action_best_after	scored	100.0	1	100.0	1.0	goal_reached	248	goal region entered	249	20	0.0	0	0	0	0	0.2727	163.0346	0.8223	1.0	1.0	1.0	1.0	0.9825	0.8952	0.6943	0.2882	1.0	0.0	6.5506
a6b9a83019915658	drivor_action_best_before	scored	5.804	0	9.67	0.6	contact_at_fault	126	front with navsafe_blocker_1	127	8	0.0	1	0	0	0	0.6	17.55	0.7438	0.9916	1.0	1.0	1.0	0.8992	1.0	0.8824	0.5882	0.0945	1.0	1.3822
a6b9a83019915658	drivor_action_best_after	scored	5.804	0	9.67	0.6	contact_at_fault	129	front with navsafe_blocker_1	130	8	0.0	1	0	0	0	0.6667	17.5519	0.738	0.9918	1.0	1.0	1.0	0.918	1.0	0.8525	0.5328	0.0945	1.0	1.3505
aac96a67f68e51ac	drivor_action_best_before	scored	18.78	0	20.96	0.895948	off_drivable	63	off drivable for 0.5 s through frame 63	64	20	10.405	0	0	0	0	0.0	41.1884	0.7668	1.0	0.8864	1.0	1.0	1.0	1.0	0.7273	0.2727	0.1603	0.0	6.491
aac96a67f68e51ac	drivor_action_best_after	scored	18.626	0	20.96	0.888634	off_drivable	64	off drivable for 0.5 s through frame 64	65	20	11.137	0	0	0	0	0.0	41.5737	0.7708	1.0	0.8889	1.0	1.0	1.0	1.0	0.8222	0.2222	0.1603	0.0	6.4504
ac019d81388056be	drivor_action_best_before	scored	100.0	1	100.0	1.0	goal_reached	221	goal region entered	222	20	0.0	0	0	0	0	0.1	83.8507	0.7628	1.0	1.0	1.0	1.0	1.0	0.505	0.6584	0.2673	1.0	0.0	3.7884
ac019d81388056be	drivor_action_best_after	scored	100.0	1	100.0	1.0	goal_reached	212	goal region entered	213	20	0.0	0	0	0	0	0.1111	83.0101	0.7609	1.0	1.0	1.0	1.0	1.0	0.4508	0.6632	0.2694	1.0	0.0	3.909
ac01c31d1a5a5ed2	drivor_action_best_before	scored	86.324	0	86.32	1.0	off_drivable	206	off drivable for 0.5 s through frame 206	207	20	0.0	0	0	0	0	0.1111	66.8209	0.7828	1.0	0.9733	1.0	1.0	0.9893	0.4332	0.7273	0.3636	0.8531	0.0	3.2403
ac01c31d1a5a5ed2	drivor_action_best_after	scored	86.521	0	86.65	0.99851	off_drivable	215	off drivable for 0.5 s through frame 215	216	20	0.149	0	0	0	0	0.3333	67.2618	0.7795	1.0	0.9745	1.0	1.0	0.9694	0.4541	0.7194	0.3469	0.8566	0.0	3.1257
b023b7bcbab05bcb	drivor_action_best_before	scored	8.054	0	13.42	0.6	contact_at_fault	132	front with navsafe_blocker_1	133	8	0.0	1	0	0	0	0.8333	23.8598	0.6881	0.992	1.0	1.0	1.0	0.896	1.0	0.872	0.656	0.0917	1.0	1.8673
b023b7bcbab05bcb	drivor_action_best_after	scored	8.054	0	13.42	0.6	contact_at_fault	138	front with navsafe_blocker_1	139	8	0.0	1	0	0	0	0.6667	23.8827	0.6767	1.0	1.0	1.0	1.0	0.9313	1.0	0.8092	0.5344	0.0917	1.0	1.7884
b66f23071e675170	drivor_action_best_before	scored	33.834	0	36.25	0.933415	off_drivable	90	off drivable for 0.5 s through frame 90	91	8	6.658	0	0	0	0	0.25	25.8719	0.6812	1.0	0.9398	1.0	1.0	1.0	0.7229	0.6867	0.241	0.3252	0.0	2.8933
b66f23071e675170	drivor_action_best_after	scored	100.0	1	100.0	1.0	goal_reached	239	goal region entered	240	8	0.0	0	0	0	0	0.4545	71.2317	0.8109	1.0	1.0	1.0	1.0	1.0	0.7974	0.7888	0.3793	1.0	0.0	2.987
bbee1ab465af50c2	drivor_action_best_before	scored	88.871	0	88.87	1.0	contact_not_at_fault	372	front with f2be37d5e8565859	373	20	0.0	0	0	0	0	0.1176	126.7992	0.6482	1.0	1.0	1.0	1.0	0.9717	0.3144	0.6572	0.2153	0.8625	1.0	3.4274
bbee1ab465af50c2	drivor_action_best_after	scored	88.871	0	88.87	1.0	contact_not_at_fault	392	front with f2be37d5e8565859	393	20	0.0	0	0	0	0	0.0556	126.7853	0.6683	1.0	1.0	1.0	1.0	1.0	0.2976	0.7239	0.2547	0.8625	1.0	3.2527
bc08e60c250953a9	drivor_action_best_before	scored	100.0	1	100.0	1.0	goal_reached	380	goal region entered	381	20	0.0	0	0	0	0	0.1667	209.3672	0.6513	1.0	1.0	1.0	1.0	1.0	0.1662	0.6427	0.2521	1.0	0.0	5.5243
bc08e60c250953a9	drivor_action_best_after	scored	100.0	1	100.0	1.0	goal_reached	401	goal region entered	402	20	0.0	0	0	0	0	0.2632	209.3395	0.6514	1.0	1.0	1.0	1.0	1.0	0.1623	0.6492	0.233	1.0	0.0	5.235
be36f75d360c502f	drivor_action_best_before	scored	20.11	0	33.52	0.6	contact_at_fault	64	front with navsafe_mainline_vehicle	65	8	0.0	1	0	0	0	0.0	32.3113	0.6627	0.9825	1.0	1.0	1.0	0.8246	1.0	0.6316	0.2105	0.2762	1.0	5.1067
be36f75d360c502f	drivor_action_best_after	scored	21.111	0	35.19	0.6	contact_at_fault	69	front with navsafe_mainline_vehicle	70	8	0.0	1	0	0	0	0.0	34.5368	0.6663	0.9839	1.0	1.0	1.0	0.8548	1.0	0.6129	0.1774	0.2941	1.0	5.0599
bea8f31993cd5a1b	drivor_action_best_before	scored	100.0	1	100.0	1.0	goal_reached	483	goal region entered	484	20	0.0	0	0	0	0	0.1304	265.8042	0.6911	1.0	1.0	1.0	1.0	1.0	0.7155	0.6681	0.2263	1.0	0.0	5.5197
bea8f31993cd5a1b	drivor_action_best_after	scored	100.0	1	100.0	1.0	goal_reached	471	goal region entered	472	20	0.0	0	0	0	0	0.0455	265.3463	0.701	1.0	1.0	1.0	1.0	1.0	0.823	0.6438	0.2345	1.0	0.0	5.6503
bf72d4d6b25f5b27	drivor_action_best_before	scored	100.0	1	100.0	1.0	goal_reached	338	goal region entered	339	20	0.0	0	0	0	0	0.2667	220.7787	0.6841	1.0	1.0	1.0	1.0	1.0	0.0721	0.6458	0.2696	1.0	0.0	6.5522
bf72d4d6b25f5b27	drivor_action_best_after	scored	100.0	1	100.0	1.0	goal_reached	358	goal region entered	359	20	0.0	0	0	0	0	0.0625	220.8064	0.6781	1.0	1.0	1.0	1.0	1.0	0.0678	0.6342	0.2507	1.0	0.0	6.1879
bf896d504b4356c7	drivor_action_best_before	scored	30.475	0	50.79	0.6	contact_at_fault	123	front with 980e777140455d1e	124	20	0.0	1	0	0	0	0.2	54.4676	0.7646	0.9904	1.0	1.0	1.0	0.8846	0.6154	0.6346	0.2308	0.5003	1.0	4.4133
bf896d504b4356c7	drivor_action_best_after	scored	29.971	0	49.95	0.6	contact_at_fault	123	front with 980e777140455d1e	124	20	0.0	1	0	0	0	0.4	54.3464	0.7669	0.9904	1.0	1.0	1.0	0.8846	0.6058	0.6442	0.2404	0.4917	1.0	4.4035
bfcbb192c11b5736	drivor_action_best_before	scored	100.0	1	100.0	1.0	goal_reached	285	goal region entered	286	20	0.0	0	0	0	0	0.3846	89.7307	0.8403	1.0	1.0	1.0	1.0	1.0	0.9962	0.7707	0.3233	1.0	0.0	3.139
bfcbb192c11b5736	drivor_action_best_after	scored	100.0	1	100.0	1.0	goal_reached	290	goal region entered	291	20	0.0	0	0	0	0	0.6154	89.8512	0.8428	1.0	1.0	1.0	1.0	1.0	0.9963	0.7565	0.3653	1.0	0.0	3.0892
c1c5dec6bab3598a	drivor_action_best_before	scored	100.0	1	100.0	1.0	goal_reached	161	goal region entered	162	20	0.0	0	0	0	0	0.8571	45.9527	0.852	1.0	1.0	1.0	1.0	1.0	0.9507	0.9366	0.507	1.0	0.0	2.8769
c1c5dec6bab3598a	drivor_action_best_after	scored	100.0	1	100.0	1.0	goal_reached	159	goal region entered	160	20	0.0	0	0	0	0	0.8571	45.9352	0.8513	1.0	1.0	1.0	1.0	1.0	0.9571	0.9286	0.5	1.0	0.0	2.9118
c41f71c68ad45f21	drivor_action_best_before	scored	100.0	1	100.0	1.0	goal_reached	186	goal region entered	187	20	0.0	0	0	0	0	0.125	77.7816	0.8314	1.0	1.0	1.0	1.0	1.0	0.8683	0.6886	0.2395	1.0	0.0	4.1862
c41f71c68ad45f21	drivor_action_best_after	scored	100.0	1	100.0	1.0	goal_reached	159	goal region entered	160	20	0.0	0	0	0	0	0.1429	77.9685	0.8513	1.0	1.0	1.0	1.0	1.0	0.9571	0.7	0.2143	1.0	0.0	4.9043
c8600743d9e050a9	drivor_action_best_before	scored	100.0	1	100.0	1.0	goal_reached	164	goal region entered	165	8	0.0	0	0	0	0	0.2857	72.7696	0.815	1.0	1.0	1.0	1.0	1.0	0.6115	0.6688	0.242	1.0	0.0	4.4306
c8600743d9e050a9	drivor_action_best_after	scored	100.0	1	100.0	1.0	goal_reached	157	goal region entered	158	8	0.0	0	0	0	0	0.2857	72.6743	0.8272	1.0	1.0	1.0	1.0	1.0	0.6267	0.7067	0.2867	1.0	0.0	4.6209
c895b062e3735053	drivor_action_best_before	scored	100.0	1	100.0	1.0	goal_reached	327	goal region entered	328	20	0.0	0	0	0	0	0.4667	225.8665	0.7963	1.0	1.0	1.0	1.0	1.0	0.9156	0.7532	0.4091	1.0	0.0	6.9051
c895b062e3735053	drivor_action_best_after	scored	100.0	1	100.0	1.0	goal_reached	312	goal region entered	313	20	0.0	0	0	0	0	0.6429	225.9356	0.7887	1.0	1.0	1.0	1.0	1.0	0.8567	0.7679	0.4061	1.0	0.0	7.2382
c896895a9524547f	drivor_action_best_before	scored	100.0	1	100.0	1.0	goal_reached	320	goal region entered	321	20	0.0	0	0	0	0	0.1333	146.5091	0.7073	1.0	1.0	1.0	1.0	1.0	0.4718	0.6578	0.2226	1.0	0.0	4.594
c896895a9524547f	drivor_action_best_after	scored	100.0	1	100.0	1.0	goal_reached	310	goal region entered	311	20	0.0	0	0	0	0	0.0714	146.3101	0.7092	1.0	1.0	1.0	1.0	1.0	0.4708	0.6735	0.2234	1.0	0.0	4.7353
cc108c5480345911	drivor_action_best_before	scored	100.0	1	100.0	1.0	goal_reached	444	goal region entered	445	20	0.0	0	0	0	0	0.4286	199.8172	0.7165	1.0	1.0	1.0	1.0	0.9953	0.5153	0.6941	0.2729	1.0	0.0	4.5131
cc108c5480345911	drivor_action_best_after	scored	100.0	1	100.0	1.0	goal_reached	432	goal region entered	433	20	0.0	0	0	0	0	0.45	199.775	0.7235	1.0	1.0	1.0	1.0	0.9952	0.5521	0.7094	0.276	1.0	0.0	4.6372
cce944facc8158e8	drivor_action_best_before	scored	15.268	0	17.57	0.868922	off_drivable	57	off drivable for 0.5 s through frame 57	58	20	13.108	0	0	0	0	0.0	39.5715	0.6743	1.0	0.8684	1.0	1.0	1.0	1.0	0.6579	0.0526	0.1147	0.0	6.9277
cce944facc8158e8	drivor_action_best_after	scored	15.497	0	17.57	0.881934	off_drivable	60	off drivable for 0.5 s through frame 60	61	20	11.807	0	0	0	0	0.5	39.3305	0.7338	1.0	0.878	1.0	1.0	1.0	1.0	0.8293	0.2927	0.1147	0.0	6.5475
d5812df28c1558ba	drivor_action_best_before	scored	100.0	1	100.0	1.0	goal_reached	139	goal region entered	140	20	0.0	0	0	0	0	0.1667	52.9459	0.8163	1.0	1.0	1.0	1.0	1.0	0.5667	0.7083	0.3	1.0	0.0	3.8233
d5812df28c1558ba	drivor_action_best_after	scored	100.0	1	100.0	1.0	goal_reached	139	goal region entered	140	20	0.0	0	0	0	0	0.0	52.9106	0.8087	1.0	1.0	1.0	1.0	1.0	0.5667	0.6667	0.2833	1.0	0.0	3.8208
d64a3964875f5b41	drivor_action_best_before	scored	100.0	1	100.0	1.0	goal_reached	243	goal region entered	244	20	0.0	0	0	0	0	0.3636	124.8637	0.7253	1.0	1.0	1.0	1.0	1.0	0.558	0.692	0.2545	1.0	0.0	5.1336
d64a3964875f5b41	drivor_action_best_after	scored	100.0	1	100.0	1.0	goal_reached	251	goal region entered	252	20	0.0	0	0	0	0	0.6364	124.9788	0.7267	1.0	1.0	1.0	1.0	1.0	0.5	0.7457	0.3276	1.0	0.0	4.9752
daf905a8d1255722	drivor_action_best_before	scored	100.0	1	100.0	1.0	goal_reached	367	goal region entered	368	20	0.0	0	0	0	0	0.3529	182.9909	0.7677	1.0	1.0	1.0	1.0	1.0	0.4626	0.7098	0.2874	1.0	0.0	4.9962
daf905a8d1255722	drivor_action_best_after	scored	100.0	1	100.0	1.0	goal_reached	366	goal region entered	367	20	0.0	0	0	0	0	0.4118	182.9892	0.7751	1.0	1.0	1.0	1.0	1.0	0.5821	0.7205	0.2594	1.0	0.0	5.0098
e1526251bd0a53ee	drivor_action_best_before	scored	100.0	1	100.0	1.0	goal_reached	265	goal region entered	266	8	0.0	0	0	0	0	0.25	96.6774	0.8339	1.0	1.0	1.0	1.0	1.0	0.8643	0.7558	0.314	1.0	0.0	3.6345
e1526251bd0a53ee	drivor_action_best_after	scored	100.0	1	100.0	1.0	goal_reached	270	goal region entered	271	8	0.0	0	0	0	0	0.3077	96.3054	0.8314	1.0	1.0	1.0	1.0	1.0	0.8783	0.7452	0.3004	1.0	0.0	3.5537
e244b2ddf97a57d6	drivor_action_best_before	scored	100.0	1	100.0	1.0	goal_reached	193	goal region entered	194	20	0.0	0	0	0	0	0.25	97.8696	0.812	1.0	1.0	1.0	1.0	1.0	0.5575	0.7299	0.2471	1.0	0.0	5.0523
e244b2ddf97a57d6	drivor_action_best_after	scored	100.0	1	100.0	1.0	goal_reached	189	goal region entered	190	20	0.0	0	0	0	0	0.625	99.3462	0.7945	1.0	1.0	1.0	1.0	1.0	0.4059	0.7471	0.2706	1.0	0.0	5.2364
e3e0b3d6d5ae52a1	drivor_action_best_before	scored	36.478	0	60.8	0.6	contact_at_fault	228	front with 1beb53252a075098	229	20	0.0	1	0	0	0	0.1	125.4675	0.7279	0.9952	1.0	1.0	1.0	0.9952	1.0	0.6603	0.2775	0.5755	1.0	5.5059
e3e0b3d6d5ae52a1	drivor_action_best_after	scored	36.813	0	61.36	0.6	contact_at_fault	229	front with 1beb53252a075098	230	20	0.0	1	0	0	0	0.0	125.7265	0.7304	0.9952	1.0	1.0	1.0	0.9952	1.0	0.7048	0.2619	0.5815	1.0	5.4933
e74ca27f40755297	drivor_action_best_before	scored	34.176	0	37.57	0.909583	off_drivable	81	off drivable for 0.5 s through frame 81	82	20	9.042	0	0	0	0	0.0	45.2849	0.756	1.0	0.9194	1.0	1.0	1.0	0.8387	0.5806	0.1613	0.3453	0.0	5.5398
e74ca27f40755297	drivor_action_best_after	scored	100.0	1	100.0	1.0	goal_reached	199	goal region entered	200	20	0.0	0	0	0	0	0.3333	118.9449	0.8165	1.0	1.0	1.0	1.0	1.0	0.6722	0.5833	0.2778	1.0	0.0	5.9543
e9567d54464052f7	drivor_action_best_before	scored	100.0	1	100.0	1.0	goal_reached	197	goal region entered	198	8	0.0	0	0	0	0	0.2222	79.5753	0.7816	1.0	1.0	1.0	1.0	0.9842	0.6368	0.6895	0.3526	1.0	0.0	4.0628
e9567d54464052f7	drivor_action_best_after	scored	100.0	1	100.0	1.0	goal_reached	202	goal region entered	203	8	0.0	0	0	0	0	0.0	80.3067	0.767	1.0	1.0	1.0	1.0	0.9846	0.6051	0.7077	0.2718	1.0	0.0	3.9987
edc4a4a176f65fea	drivor_action_best_before	scored	100.0	1	100.0	1.0	goal_reached	141	goal region entered	142	20	0.0	0	0	0	0	0.5	46.9141	0.8914	1.0	1.0	1.0	1.0	1.0	0.918	0.7869	0.4262	1.0	0.0	3.3318
edc4a4a176f65fea	drivor_action_best_after	scored	100.0	1	100.0	1.0	goal_reached	140	goal region entered	141	20	0.0	0	0	0	0	0.1667	46.4651	0.8843	1.0	1.0	1.0	1.0	1.0	0.9587	0.7686	0.3471	1.0	0.0	3.3236
f038fc7ffdab5bad	drivor_action_best_before	scored	100.0	1	100.0	1.0	goal_reached	159	goal region entered	160	20	0.0	0	0	0	0	0.2857	51.5985	0.826	1.0	1.0	1.0	1.0	1.0	1.0	0.7357	0.2429	1.0	0.0	3.2578
f038fc7ffdab5bad	drivor_action_best_after	scored	100.0	1	100.0	1.0	goal_reached	180	goal region entered	181	20	0.0	0	0	0	0	0.0	51.6821	0.8163	1.0	1.0	1.0	1.0	1.0	1.0	0.7143	0.205	1.0	0.0	2.8844
f077a062ad9b55e9	drivor_action_best_before	scored	18.115	0	30.19	0.6	contact_at_fault	67	front with 325b42e8d7725ccc	68	20	0.0	1	0	0	0	0.0	34.3704	0.6955	0.9583	1.0	1.0	1.0	0.7292	1.0	0.625	0.2083	0.225	1.0	5.1263
f077a062ad9b55e9	drivor_action_best_after	scored	19.647	0	32.74	0.6	contact_at_fault	90	front with 325b42e8d7725ccc	91	20	0.0	1	0	0	0	0.0	37.2547	0.7277	0.9859	1.0	1.0	1.0	0.831	0.9718	0.6338	0.2817	0.2532	1.0	4.1476
